fiscal_year,jurisdiction,jurisdiction_type,total_investigations,fraud_investigations,abuse_neglect_investigations,total_indictments,fraud_indictments,abuse_neglect_indictments,total_convictions,fraud_convictions,abuse_neglect_convictions,civil_settlements_and_judgments,total_recoveries,total_criminal_recoveries,total_civil_recoveries,civil_recoveries_global,civil_recoveries_other,mfcu_grant_expenditures,total_medicaid_expenditures,staff_on_board
2013,Alabama,state,27,10,17,4,2,2,0,0,0,8,16206581.97,0,16206581.97,,,1110348.56,5216155508,8
2013,Alaska,state,219,202,17,58,57,1,19,17,2,10,1093135.83,53058.17,1040077.66,,,1156792.21,1446189444,8
2013,Arizona,state,205,142,63,74,52,22,52,42,10,7,1099666.41,651709.52,447956.89,,,2408103.01,8669976278,21
2013,Arkansas,state,90,52,38,20,6,14,10,3,7,16,14622465.48,32643.40,14589822.08,,,2211756.15,4428390909,21
2013,California,state,1157,718,439,129,69,60,68,41,27,19,57748650.12,19975037.87,37773612.25,,,30260728.38,66056757855,172
2013,Colorado,state,249,241,8,18,18,0,13,13,0,36,8131661.57,226252.30,7905409.27,,,2046626.88,5314867064,16
2013,Connecticut,state,64,53,11,16,15,1,7,6,1,11,28228260.78,140246.47,28088014.31,,,1629583.09,6723113621,11
2013,Delaware,state,559,478,81,5,0,5,7,0,7,9,398817.22,28000,370817.22,,,1877814.08,1655387071,17
2013,District of Columbia,district,186,115,71,1,0,1,6,4,2,15,7805483.56,3937197.76,3868285.80,,,2473054.50,2397083097,21
2013,Florida,state,658,596,62,67,39,28,66,48,18,28,40878717.82,9035624.86,31843092.96,,,14179445.78,19180703866,151
2013,Georgia,state,340,336,4,13,13,0,9,7,2,15,28881717.63,1793138.01,27088579.62,,,4029111,9359038151,42
2013,Hawaii,state,113,50,63,7,0,7,8,4,4,13,4537669.87,48017.26,4489652.61,,,1288535.16,1696678001,13
2013,Idaho,state,119,115,4,5,5,0,4,4,0,12,6553492.91,204312.44,6349180.47,,,695462.56,1761758211,7
2013,Illinois,state,311,236,75,62,41,21,64,38,26,21,60041822.01,917903.12,59123918.89,,,9541211.16,16536234179,58
2013,Indiana,state,1064,812,252,15,13,2,25,16,9,30,28246063.87,7934940.78,20311123.09,,,5236624,8367085690,52
2013,Iowa,state,240,205,35,50,31,19,31,18,13,13,10717543.20,150131.98,10567411.22,,,1040525,3805810851,9
2013,Kansas,state,146,127,19,8,7,1,13,13,0,15,23438027.48,2298194.77,21139832.71,,,1514339.11,2720787284,15
2013,Kentucky,state,118,104,14,10,8,2,8,8,0,17,39547875.72,289576.17,39258299.55,,,2608933.89,5931446503,28
2013,Louisiana,state,396,317,79,93,76,17,62,47,15,39,187601191,63873287,123727904,,,4863800.27,7181407383,52
2013,Maine,state,38,31,7,9,7,2,10,6,4,6,7403483.41,110123.75,7293359.66,,,700450.77,2959349126,6.50
2013,Maryland,state,320,284,36,13,7,6,17,12,5,29,22331246.36,198146.71,22133099.65,,,2839745.76,8052966208,28
2013,Massachusetts,state,683,497,186,22,20,2,17,17,0,32,29607993.29,884124.29,28723869,,,5271067,13687392762,43
2013,Michigan,state,485,436,49,19,11,8,28,11,17,16,24496893.16,308924.33,24187968.83,,,4882449.49,12970899451,33
2013,Minnesota,state,89,86,3,24,24,0,23,20,3,21,14988004.04,1922672.83,13065331.21,,,1464767.33,9343811915,14
2013,Mississippi,state,704,77,627,40,3,37,55,0,55,14,27809117.60,8785328.49,19023789.11,,,3087424,4879175168,35
2013,Missouri,state,301,280,21,8,7,1,14,13,1,31,47764282.06,2693334.92,45070947.14,,,1984422.71,9209870025,20
2013,Montana,state,27,26,1,4,4,0,6,6,0,9,985871.37,34845.22,951026.15,,,654446.82,1076709165,8
2013,Nebraska,state,97,75,22,4,4,0,14,9,5,19,8593146.34,175562.08,8417584.26,,,770565.87,1906330745,8
2013,Nevada,state,22,19,3,14,12,2,16,13,3,15,6261358.48,2648815.56,3612542.92,,,1904688.64,1918533349,16
2013,New Hampshire,state,38,31,7,2,0,2,4,1,3,15,3663350.94,152162,3511188.94,,,523159.65,1292037438,6
2013,New Jersey,state,364,352,12,22,19,3,14,11,3,14,33887934.39,1174165.64,32713768.75,,,4579682.87,11143784058,35
2013,New Mexico,state,112,107,5,8,8,0,10,9,1,30,2017386.44,31424.16,1985962.28,,,1827905.08,3471930215,17
2013,New York,state,801,677,124,175,131,44,138,110,28,69,134493521.82,19177053,115316468.82,,,45054451,54192911238,300
2013,North Carolina,state,418,402,16,20,20,0,30,28,2,18,47052648.87,14294434.84,32758214.03,,,5357886.03,12463184143,48
2013,Ohio,state,1074,745,329,161,145,16,150,135,15,23,45628255.47,5944515.34,39683740.13,,,7344992.26,17237076852,77
2013,Oklahoma,state,213,135,78,23,12,11,21,15,6,20,28399563.73,1360329.35,27039234.38,,,1986667,4752126532,22
2013,Oregon,state,50,46,4,27,23,4,29,27,2,13,15151849.81,895243.81,14256606,,,1806514.69,5600397595,14.50
2013,Pennsylvania,state,352,337,15,76,76,0,54,51,3,13,30729119.67,2666615.80,28062503.87,,,4730372.33,21698977826,33
2013,Rhode Island,state,71,48,23,17,9,8,9,9,0,4,4381891.74,62301.43,4319590.31,,,1184944.38,2018428048,11
2013,South Carolina,state,177,151,26,45,32,13,34,21,13,18,19983522.26,1609886.72,18373635.54,,,1451005.76,4921639527,15
2013,South Dakota,state,49,42,7,2,1,1,2,1,1,0,3053873.46,365164.76,2688708.70,,,384175.57,820357642,5
2013,Tennessee,state,213,187,26,22,14,8,24,10,14,17,78870738.99,1167951.58,77702787.41,,,3990162.19,9022143146,32
2013,Texas,state,1279,1165,114,112,104,8,97,82,15,18,196718960.26,81995796.84,114723163.42,,,15582973.37,29086162849,181
2013,Utah,state,106,93,13,2,2,0,4,3,1,15,7989088,49173,7939915,,,1817277.48,2229362038,13
2013,Vermont,state,134,116,18,9,7,2,9,9,0,12,5507996.31,58599.50,5449396.81,,,987268.31,1499744254,7
2013,Virginia,state,373,363,10,28,24,4,21,18,3,11,1008988889.68,704440001.12,304548888.56,,,11249106.19,7604993529,96
2013,Washington,state,164,152,12,10,10,0,11,9,2,16,16562703.65,192715.39,16369988.26,,,3596829,8407111070,30.50
2013,West Virginia,state,91,49,42,12,4,8,10,7,3,17,16148738.40,3779139.90,12369598.50,,,1112517.86,3181083472,14
2013,Wisconsin,state,350,339,11,13,10,3,9,8,1,2,54757244,54750,54702494,,,1274531.12,7390660088,11
2013,Wyoming,state,59,57,2,4,4,0,3,3,0,17,1623271.63,76387.73,1546883.90,,,489024.26,594690624,4
2014,Alabama,state,44,16,28,11,7,4,6,4,2,10,17988911.38,249298.54,17739612.84,,,1253192.56,5454050260,10
2014,Alaska,state,173,160,13,35,35,0,44,44,0,4,644325.57,535433.49,108892.08,,,1105990.03,1546569264,8
2014,Arizona,state,298,209,89,61,41,20,44,27,17,7,1876381.38,305619.47,1570761.91,,,2316273.90,9452683998,20
2014,Arkansas,state,108,24,84,15,6,9,22,5,17,15,2228764.66,127656,2101108.66,,,2454099.72,5154278818,22
2014,California,state,1194,671,523,114,53,61,97,59,38,20,77622974.52,22713170.28,54909804.24,,,26158835.03,68248444914,193
2014,Colorado,state,260,255,5,6,6,0,10,9,1,26,9999945.37,84090,9915855.37,,,1615524.84,6265152763,17
2014,Connecticut,state,62,59,3,12,12,0,8,8,0,18,3030886.46,17599.12,3013287.34,,,1989924.12,7167946629,13
2014,Delaware,state,624,538,86,16,1,15,11,0,11,21,1949633.53,106816.07,1842817.46,,,1944099.15,1805108123,17
2014,District of Columbia,district,248,170,78,27,25,2,3,2,1,12,3973338.22,7672.48,3965665.74,,,2708823.90,2524458778,21
2014,Florida,state,665,600,65,81,55,26,61,42,19,34,91881130.81,3989921.37,87891209.44,,,15506673.66,20818233200,161
2014,Georgia,state,414,410,4,4,4,0,10,10,0,23,48703251.01,7776456.19,40926794.82,,,4523319.47,9858134878,46
2014,Hawaii,state,68,20,48,9,0,9,10,4,6,8,3079615.23,61241.26,3018373.97,,,1301425.29,2049769576,13
2014,Idaho,state,124,118,6,9,7,2,11,11,0,10,801857.53,104933.38,696924.15,,,656936.78,1692361521,8
2014,Illinois,state,311,230,81,56,42,14,76,53,23,23,90872897.09,1202159.97,89670737.12,,,7719034.17,17726308920,45
2014,Indiana,state,1272,941,331,66,55,11,29,22,7,30,54591556.99,2324000.85,52267556.14,,,6119574,9600134668,55
2014,Iowa,state,270,249,21,48,33,15,44,28,16,16,24403657.64,987348.24,23416309.40,,,1020053.20,4110153654,8
2014,Kansas,state,101,95,6,28,25,3,16,13,3,22,27437135.25,150269.17,27286866.08,,,1330521.73,2933837600,14
2014,Kentucky,state,145,118,27,27,14,13,18,14,4,18,66222772.25,1141643.13,65081129.12,,,2989940.10,8017227454,28
2014,Louisiana,state,425,366,59,132,118,14,76,65,11,40,245305060,118815109,126489951,,,5134743.68,7337796633,52
2014,Maine,state,39,31,8,10,6,4,7,5,2,12,9776295.20,19168,9757127.20,,,728261.61,2528826380,8
2014,Maryland,state,314,283,31,13,6,7,12,6,6,22,41493941.04,48049.37,41445891.67,,,3510342,9625821402,31
2014,Massachusetts,state,612,500,112,7,7,0,22,19,3,21,59771098.02,4658134.34,55112963.68,,,5470721,14952760958,41
2014,Michigan,state,531,483,48,39,32,7,25,17,8,16,46562340.96,116478.70,46445862.26,,,5392508.51,14147522772,33
2014,Minnesota,state,173,170,3,25,23,2,20,20,0,19,18518275.21,806716.32,17711558.89,,,1539616.87,10429856324,16
2014,Mississippi,state,668,79,589,34,3,31,41,5,36,11,17314765.90,299775.38,17014990.52,,,3318064,5016224369,33
2014,Missouri,state,230,207,23,10,9,1,8,8,0,23,8224673.47,176420.80,8048252.67,,,2047671.44,9238680706,21
2014,Montana,state,28,26,2,7,5,2,1,1,0,12,438209.11,26746.15,411462.96,,,721553.25,1146046567,8
2014,Nebraska,state,130,104,26,16,8,8,7,4,3,15,10058619.95,19542.16,10039077.79,,,881048.80,1907477721,9
2014,Nevada,state,23,21,2,8,8,0,14,12,2,15,11292356.58,1080006.72,10212349.86,,,1887577.46,2431932881,18
2014,New Hampshire,state,40,33,7,2,1,1,3,0,3,4,4409810.30,22780.47,4387029.83,,,724113.05,1420746975,7
2014,New Jersey,state,418,395,23,20,15,5,10,7,3,13,45632565.79,1105245,44527320.79,,,4442399.61,13193930655,31
2014,New Mexico,state,195,192,3,4,4,0,4,4,0,21,9389207.60,29693.02,9359514.58,,,1851072.67,4349892086,18
2014,New York,state,746,618,128,142,62,80,118,53,65,66,378434543,2452239,375982304,,,45814464.43,53915930694,294
2014,North Carolina,state,455,439,16,8,5,3,10,8,2,15,72432176.86,20362132.81,52070044.05,,,5190480.80,12655046228,44
2014,Ohio,state,1190,903,287,151,125,26,128,111,17,32,71168788.50,4779629.76,66389158.74,,,8830152.53,20223303745,89
2014,Oklahoma,state,253,186,67,22,14,8,17,9,8,15,18420992.06,447889.99,17973102.07,,,2391463,4925190754,22
2014,Oregon,state,82,69,13,34,29,5,28,26,2,13,17025308.47,710316.73,16314991.74,,,2067043.64,7291147501,15.50
2014,Pennsylvania,state,328,315,13,66,66,0,46,46,0,12,5707431.30,1354491.20,4352940.10,,,5352554.37,24414853435,44
2014,Rhode Island,state,51,32,19,12,5,7,20,13,7,7,3677355.38,18417.41,3658937.97,,,1192427.99,2566378392,11
2014,South Carolina,state,180,146,34,11,8,3,18,11,7,16,27403805.39,519381.02,26884424.37,,,1426802.68,5596632601,16
2014,South Dakota,state,49,46,3,1,1,0,1,1,0,6,3853755.60,566,3853189.60,,,409564,840849947,5
2014,Tennessee,state,241,198,43,31,15,16,19,14,5,22,62298836.50,3979297.78,58319538.72,,,4053210.93,9654242145,35
2014,Texas,state,1303,1177,126,122,100,22,90,85,5,17,106075376.19,82758688.05,23316688.14,,,16502689.27,32831310090,175
2014,Utah,state,132,115,17,5,3,2,5,3,2,18,23725403,116355,23609048,,,1830431.32,2234539587,13
2014,Vermont,state,100,82,18,18,18,0,12,12,0,10,976625.85,145457,831168.85,,,850205.92,1570053514,7
2014,Virginia,state,389,373,16,51,45,6,34,30,4,23,64743020.95,1746159.48,62996861.47,,,11757417.96,7980183305,93
2014,Washington,state,175,167,8,18,16,2,13,12,1,14,24073513.49,255560,23817953.49,,,3905815,7522374478,32
2014,West Virginia,state,125,96,29,20,8,12,9,7,2,17,19608914.14,4160695.44,15448218.70,,,1267131.57,3488266696,21
2014,Wisconsin,state,390,383,7,5,5,0,8,7,1,10,49010312,550803,48459509,,,1359678.77,7783215463,12
2014,Wyoming,state,57,55,2,3,3,0,6,5,1,10,1516673.20,46988.59,1469684.61,,,485828.73,594519949,4
2015,Alabama,state,48,39,9,17,8,9,9,5,4,5,5072877.99,422077.60,,4650800.39,0,1357240.37,5495672054,10
2015,Alaska,state,130,129,1,32,32,0,15,15,0,8,2463747.85,2403648.48,,60099.37,0,1279524.63,1223950911,10
2015,Arizona,state,103,84,19,77,56,21,48,24,24,17,2358072.31,423572.44,,1934499.87,0,2811988.13,10895032291,20
2015,Arkansas,state,110,69,41,34,21,13,22,11,11,14,2237104.80,488654.52,,1584347.48,164102.80,2460200.26,5852914637,20
2015,California,state,1725,1082,643,246,138,108,115,59,56,22,57902898.55,26164225.21,,29732837.49,2005835.85,32138721.04,90614357683,182
2015,Colorado,state,271,271,0,8,8,0,9,9,0,44,4707134.76,660651.13,,3739443.25,307040.38,1651017.67,7687605872,16
2015,Connecticut,state,82,78,4,8,8,0,7,6,1,12,2027005.84,48721.22,,1582975.25,395309.37,2108289.10,7597012987,12
2015,Delaware,state,640,586,54,38,28,10,41,17,24,9,1093390.28,100000.67,,993389.61,0,1893364,2023509108,16
2015,District of Columbia,district,153,147,6,11,11,0,30,29,1,10,1991288.02,284396.40,,1519391.62,187500,2792615.24,2520735076,21
2015,Florida,state,568,531,37,99,75,24,77,54,23,26,57665128.62,26004716.94,,10078139.89,21582271.79,16910095.30,21909678011,160
2015,Georgia,state,456,445,11,22,21,1,12,12,0,27,16316307.76,2221651.75,,8104273.58,5990382.43,4804982.44,10245084441,42
2015,Hawaii,state,64,21,43,3,2,1,6,4,2,10,2385140.31,38143,,2291997.31,55000,1317826.87,2076761775,14
2015,Idaho,state,108,98,10,4,4,0,4,3,1,11,796796.34,118214.03,,321457.31,357125,873359.08,1819959694,9
2015,Illinois,state,298,248,50,53,41,12,55,42,13,22,16902136.39,694270.69,,6584321.44,9623544.26,7622226.52,17963860929,41
2015,Indiana,state,1606,1216,390,48,47,1,44,38,6,22,28192406.62,2825349.21,,2603929.27,22763128.14,5916915.29,9721569345,60
2015,Iowa,state,291,270,21,58,37,21,53,33,20,11,10799277.81,223804.81,,650788.42,9924684.58,1074819,4672288367,10
2015,Kansas,state,112,104,8,6,6,0,17,15,2,10,4596228.24,783891.08,,99518.23,3712818.93,1192686.80,3193745137,13
2015,Kentucky,state,117,72,45,22,9,13,13,3,10,14,2904550.93,274861.68,,2511192.56,118496.69,3393619.19,9666336070,29
2015,Louisiana,state,426,356,70,91,84,7,73,66,7,25,17905243,5072526,,8586459,4246258,5263527.13,8152272103,50
2015,Maine,state,61,50,11,4,0,4,8,4,4,7,1203259.28,425841.48,,777417.80,0,764428.85,2620426632,7
2015,Maryland,state,353,319,34,12,8,4,10,8,2,10,4463044,2690086.78,,526034.61,1246922.61,3697013.76,9881703513,30
2015,Massachusetts,state,502,444,58,4,3,1,10,9,1,21,17572910.47,9540716,,1558979.12,6473215.35,5364610,16164091522,45
2015,Michigan,state,526,480,46,22,13,9,30,23,7,16,6345522.67,882447.09,,4987243.58,475832,5630862.10,16561360132,32
2015,Minnesota,state,419,417,2,24,22,2,19,17,2,13,1985577.03,619153.81,,1268023.22,98400,1765978.98,11294848324,19
2015,Mississippi,state,594,85,509,72,6,66,60,5,55,18,14838348.02,11571159.27,,2393746.91,873441.84,3473671,5313720236,35
2015,Missouri,state,177,162,15,11,7,4,15,13,2,29,12092209.55,726643.99,,2647957.10,8717608.46,2345934.40,9868941095,23
2015,Montana,state,31,24,7,6,5,1,7,5,2,6,220966.22,151973.76,,68992.46,0,825258.59,1208709907,7
2015,Nebraska,state,125,97,28,10,8,2,12,6,6,7,671714.86,124230.55,,482891.25,64593.06,894436.73,1973545225,9
2015,Nevada,state,65,61,4,14,14,0,13,13,0,7,5344240.46,3387397.20,,256843.26,1700000,1932570.96,3265706343,19
2015,New Hampshire,state,37,26,11,4,0,4,0,0,0,13,486834.66,5610,,301247.25,179977.41,780463.81,1840725765,8
2015,New Jersey,state,422,397,25,27,24,3,18,12,6,14,3192822.18,711783.13,,2481039.05,0,3867591.01,14829609984,28
2015,New Mexico,state,203,199,4,12,12,0,7,7,0,12,351475.20,57242.20,,213531.91,80701.09,2124374.36,5083042074,19
2015,New York,state,798,652,146,115,72,43,110,57,53,65,63347458.37,2887003.20,,8027330.92,52433124.25,47301283,59681117761,281
2015,North Carolina,state,406,397,9,16,13,3,18,14,4,20,23127932.77,8172450.54,,1536509.56,13418972.67,5350038.33,13878014268,49
2015,Ohio,state,1418,986,432,175,139,36,160,133,27,17,18739231.85,12562704.35,,5797799.97,378727.53,10109229.24,22283505297,94
2015,Oklahoma,state,263,197,66,41,21,20,32,17,15,10,7051061.99,1035280.06,,815781.93,5200000,2481047,4948050867,24
2015,Oregon,state,64,58,6,39,30,9,39,30,9,8,597387.18,188867.17,,408520.01,0,2220932.62,8568555342,15
2015,Pennsylvania,state,474,446,28,118,114,4,95,93,2,8,11702515.05,7579540.42,,4122974.63,0,6106399.73,24099877747,46
2015,Rhode Island,state,42,28,14,14,5,9,10,7,3,24,535729.18,9739.35,,101554.13,424435.70,1204591.75,2729259438,12
2015,South Carolina,state,216,172,44,17,11,6,18,15,3,9,2691882.93,408045.29,,2278898.64,4939,1659501.09,6027888585,15
2015,South Dakota,state,68,68,0,2,2,0,2,2,0,19,189827.45,27680.22,,75100.34,87046.89,423692,860846154,5
2015,Tennessee,state,264,222,42,23,10,13,21,9,12,18,39972847.64,167308.70,,4048551.38,35756987.56,4478991.64,9506550239,36
2015,Texas,state,1356,1210,146,123,117,6,85,68,17,10,210086663,206617090.64,,3437583.92,31988.44,17634003.37,36147676703,161
2015,Utah,state,138,118,20,4,1,3,5,2,3,26,6229191,194300,,409891,5625000,1873604.23,2300014634,13
2015,Vermont,state,81,70,11,9,9,0,8,7,1,4,213572,69453,,50609,93510,858283.45,1666066978,7
2015,Virginia,state,384,378,6,60,53,7,59,52,7,21,11377867.93,6338686.14,,4703483.47,335698.32,11091981.55,8510779754,100
2015,Washington,state,186,179,7,16,13,3,15,11,4,13,5979072.66,162700.60,,2151942.36,3664429.70,4159243,11074882616,35
2015,West Virginia,state,147,128,19,8,6,2,9,6,3,16,2357065.10,17931.56,,614306.70,1724826.84,1417821.41,3835749849,18
2015,Wisconsin,state,477,468,9,11,11,0,5,5,0,12,33550932,1547374,,2728557,29275001,1512865.30,8212122596,13
2015,Wyoming,state,60,57,3,2,2,0,3,2,1,8,44447.95,21012.97,,23434.98,0,475173.63,621092843,4
2016,Alabama,state,64,43,21,23,7,16,20,3,17,11,17034540.56,113177.61,,16921362.95,0,1379110.89,5657488854,8
2016,Alaska,state,141,140,1,18,18,0,29,29,0,11,3093089.09,1804184.94,,1288904.15,0,1394058.06,1929110081,10
2016,Arizona,state,171,133,38,76,46,30,75,61,14,11,10525171.97,6514601.37,,4010570.60,0,2770174.03,11343767402,21
2016,Arkansas,state,147,118,29,22,16,6,27,20,7,26,9266817.08,204921.71,,8085098.38,976796.99,2437991.92,6337245143,16
2016,California,state,1735,1169,566,231,147,84,173,98,75,32,136201028.20,27240288.20,,103375055.79,5585684.21,32469156.35,86608583280,185
2016,Colorado,state,226,223,3,7,7,0,12,12,0,97,14617469.88,899189.62,,9304300.20,4413980.06,2178699.12,8289970721,14
2016,Connecticut,state,82,81,1,3,3,0,6,6,0,19,20786362.71,63457.28,,18029856.99,2693048.44,2135726.26,7790671895,11
2016,Delaware,state,635,603,32,20,5,15,19,11,8,10,2012899.57,197533.59,,1615471.98,199894,1989706.11,2003364878,16
2016,District of Columbia,district,129,126,3,1,1,0,7,6,1,10,91207067.34,83344915.12,,1710849.71,6151302.51,2812204.81,2935002292,20
2016,Florida,state,664,606,58,78,61,17,51,41,10,21,165545717.54,101059813.13,,58413443.54,6072460.87,17316568.43,22457578621,156
2016,Georgia,state,495,479,16,19,17,2,15,14,1,18,31571209.76,2634624.42,,12686800.67,16249784.67,4719262.26,10283904205,44
2016,Hawaii,state,441,405,36,6,6,0,5,4,1,13,1856104.14,91071.14,,1765033,0,1622502.28,2271886352,14
2016,Idaho,state,116,110,6,3,3,0,3,3,0,9,2655165.53,15126.40,,2640039.13,0,833297.08,1794759439,7
2016,Illinois,state,329,281,48,71,53,18,57,46,11,13,35478915.47,4605086.16,,30223829.31,650000,7137131.01,20172293337,41
2016,Indiana,state,1745,1264,481,27,18,9,47,37,10,27,36928400.57,2739336.27,,32724220,1464844.30,6484688.25,10901014576,58
2016,Iowa,state,309,267,42,80,42,38,63,37,26,22,10656073.36,230694.52,,7023004.71,3402374.13,1133997.38,4914249752,10
2016,Kansas,state,158,141,17,6,6,0,7,7,0,11,9274992.24,47736.38,,8927255.86,300000,1337183.28,3421881490,14
2016,Kentucky,state,117,77,40,30,26,4,19,10,9,16,47635512.82,131734.91,,23279694.29,24224083.62,3415841.87,9893628407,30
2016,Louisiana,state,492,406,86,86,64,22,75,69,6,16,40374660,10770898,,18323027,11280735,5710826.44,8837228184,54
2016,Maine,state,88,74,14,9,2,7,3,0,3,12,24387068.48,650,,24386418.48,0,910641.36,2636443851,8
2016,Maryland,state,381,294,87,7,2,5,9,5,4,20,10396358.71,129969.28,,9930034.69,336354.74,3843664.37,10819233860,33
2016,Massachusetts,state,485,437,48,15,15,0,4,4,0,35,82844081.63,54616.44,,77975202.22,4814262.97,5394276,17865505404,40
2016,Michigan,state,511,472,39,19,14,5,24,14,10,26,32312718.31,191389.71,,30681103.63,1440224.97,5053298.80,17438676650,32
2016,Minnesota,state,397,392,5,65,62,3,42,42,0,12,26129644.93,1181413.30,,24945481.63,2750,2367286.76,11544958884,24
2016,Mississippi,state,527,101,426,54,14,40,64,6,58,14,19821843.83,7814577.54,,11476225.81,531040.48,3406068,5563413438,35
2016,Missouri,state,171,153,18,23,21,2,21,20,1,16,13494876.21,479804.01,,12488713.12,526359.08,2215565.57,10201941673,24
2016,Montana,state,55,46,9,7,4,3,6,4,2,13,1593763.19,45402.98,,1548360.21,0,679021.03,1446698958,6
2016,Nebraska,state,99,92,7,9,7,2,12,10,2,21,19443143.22,15080673.09,,3341351.18,1021118.95,934566.63,2092993865,9
2016,Nevada,state,417,413,4,14,14,0,14,14,0,15,2389470.66,593798.82,,1730171.84,65500,2093049.97,3520421319,19
2016,New Hampshire,state,66,32,34,2,0,2,1,0,1,9,2058998.72,8213.80,,2050784.92,0,770510.46,2076589333,8
2016,New Jersey,state,404,379,25,14,8,6,25,21,4,13,47320817.76,1269801.10,,46051016.66,0,3899420.07,15080356828,35
2016,New Mexico,state,184,181,3,6,6,0,6,6,0,15,6205202.93,50412.73,,3465867.27,2688922.93,2190670.51,5537037048,21
2016,New York,state,707,589,118,113,71,42,120,88,32,80,228866107.30,157846.26,,145266933.79,83441327.25,47018833,62909519309,298
2016,North Carolina,state,387,378,9,20,15,5,25,22,3,23,80416129.29,11875418.62,,63043468.74,5497241.93,5944944.05,12821165394,51
2016,Ohio,state,1460,1017,443,122,102,20,126,110,16,16,64010493.16,23031251.19,,40365343.40,613898.57,11278342.59,22485693773,94
2016,Oklahoma,state,254,206,48,37,28,9,25,15,10,16,21469406.63,1642635.83,,13974669.30,5852101.50,2433433.77,4698727448,23
2016,Oregon,state,94,87,7,30,28,2,30,24,6,13,10312943.89,937895.75,,8962548.14,412500,2380639.14,8814205907,16
2016,Pennsylvania,state,486,451,35,85,83,2,81,81,0,11,42140799.87,1722618.67,,40418181.20,0,7415937.35,28220307793,46
2016,Rhode Island,state,90,76,14,15,5,10,10,2,8,12,6373535.32,9003,,6090923.43,273608.89,1326222.62,2626681914,12
2016,South Carolina,state,195,146,49,13,6,7,15,9,6,16,16495835.27,793391.06,,15168292.52,534151.69,1704531.45,6230510941,16
2016,South Dakota,state,46,40,6,3,3,0,1,1,0,20,2319912.26,1094,,2009258.69,309559.57,438342.80,875472076,5
2016,Tennessee,state,273,242,31,35,22,13,40,21,19,22,105835520.75,1451882.92,,93223123.29,11160514.54,4828604.12,9928469426,36
2016,Texas,state,1367,1236,131,109,97,12,60,51,9,21,128257249.23,53618691.73,,73682086.46,956471.04,18832569.54,41068187142,165
2016,Utah,state,134,106,28,7,1,6,4,0,4,29,10033408,53620,,2123664,7856124,2056784.58,2251931573,13
2016,Vermont,state,61,53,8,10,8,2,16,15,1,17,7907487,271096,,6806872,829519,928834.98,1768236337,7
2016,Virginia,state,412,409,3,43,40,3,42,38,4,21,33889092.92,2499779.61,,25868432.97,5520880.34,11445452.13,8927198595,92
2016,Washington,state,201,193,8,7,6,1,10,9,1,17,55306210.80,122620.22,,52435512.58,2748078,4534668,11458035943,36
2016,West Virginia,state,158,143,15,20,19,1,10,6,4,21,5271731.59,488453.91,,3556154.46,1227123.22,1257636.87,3813616346,16
2016,Wisconsin,state,367,344,23,0,0,0,7,7,0,18,81071820,104688,,20967132,60000000,1342631.19,8026421926,12
2016,Wyoming,state,57,55,2,1,0,1,1,1,0,11,1435972.75,107632.18,,1328340.57,0,493573.76,637273743,4
2017,Alabama,state,59,37,22,15,11,4,14,11,3,9,1105393.94,280591.66,,824802.28,0,1256505.53,5799830460,9
2017,Alaska,state,107,104,3,24,24,0,8,8,0,3,179177.22,101001.70,,33175.52,45000,1524623.56,2083665781,12
2017,Arizona,state,185,152,33,76,58,18,40,25,15,12,13369938.39,165906.36,,13204032.03,0,3308088.23,12100681031,23
2017,Arkansas,state,178,111,67,15,12,3,21,21,0,30,2849935.82,1420461.12,,612815.05,816659.65,2233870.84,6763173651,21
2017,California,state,1791,1175,616,269,175,94,188,144,44,43,97582606.56,13171363.69,,54563107.33,29848135.54,39075822.72,88664592580,206
2017,Colorado,state,268,254,14,11,9,2,7,7,0,30,1874893.87,90776.60,,1734653.31,49463.96,2281978.63,8186563706,16
2017,Connecticut,state,84,83,1,3,3,0,5,5,0,15,13978321.84,1717540.82,,12012269.46,248511.56,2257034.87,7820846438,11
2017,Delaware,state,632,612,20,20,5,15,23,8,15,10,2506020.26,179876.75,,2326143.51,0,2059328.02,2260921363,18
2017,District of Columbia,district,197,179,18,0,0,0,2,2,0,12,2087750.12,108000,,1979750.12,0,2798266,2960762273,19
2017,Florida,state,722,652,70,73,54,19,61,54,7,38,95012845.05,12512889.03,,37385373.92,45114582.10,17456833.20,23922618501,158
2017,Georgia,state,514,500,14,10,9,1,18,15,3,25,529713373.45,7879118.41,,3973967.31,517860287.73,5024484.08,10651082478,45
2017,Hawaii,state,434,394,40,6,4,2,3,1,2,10,1665860.87,18278.64,,1641392.64,6189.59,1694351.30,2447902930,15
2017,Idaho,state,138,130,8,6,5,1,4,3,1,8,1819661.11,25893.18,,1793767.93,0,801511.63,1929225434,8
2017,Illinois,state,383,340,43,55,49,6,51,39,12,22,27819728.22,4067190.63,,20393364.76,3359172.83,7816290.06,16064148838,45
2017,Indiana,state,1394,912,482,41,34,7,23,18,5,20,24167626.40,828026.68,,5276640.07,18062959.65,6529209.25,11640235955,54
2017,Iowa,state,354,317,37,65,28,37,57,27,30,19,4794433.63,167733.63,,1647266.11,2979433.89,1083914.97,4241347370,8
2017,Kansas,state,195,168,27,16,11,5,8,7,1,12,2461977.64,630590.43,,1043167.21,788220,1447929.27,3428196561,15
2017,Kentucky,state,136,105,31,19,15,4,19,13,6,15,25473342.02,1268823.79,,3432193.07,20772325.16,3509043.22,9781447988,30
2017,Louisiana,state,485,404,81,71,53,18,68,56,12,16,16825151,9263298,,5834595,1727258,7179440,11254127721,67
2017,Maine,state,102,80,22,16,8,8,12,7,5,14,3171102.01,95042.44,,2946001.34,130058.23,906905.77,2734525913,9
2017,Maryland,state,362,321,41,28,18,10,8,2,6,33,4552786.48,305507.77,,2766254.59,1481024.12,4373661.43,11610123766,35
2017,Massachusetts,state,534,473,61,10,10,0,5,5,0,31,10154847.57,590660.09,,4120473.63,5443713.85,5649679,18147855201,41
2017,Michigan,state,437,386,51,30,20,10,24,22,2,48,7171551.74,901241.78,,4361844.21,1908465.75,3725402.01,17365499168,31
2017,Minnesota,state,335,331,4,73,72,1,47,46,1,12,6930718.88,1814657.24,,1116061.64,4000000,2702822.24,12081776986,28
2017,Mississippi,state,636,117,519,46,9,37,53,5,48,11,9405719.67,9067129.75,,259652.08,78937.84,3268870,5677039303,36
2017,Missouri,state,178,154,24,9,7,2,9,7,2,17,25613919.37,10995920.55,,11469581.80,3148417.02,2351268.54,10527739876,24
2017,Montana,state,74,62,12,3,3,0,6,5,1,12,532900.66,351272.09,,178170.98,3457.59,824173.52,1866570114,8
2017,Nebraska,state,98,92,6,8,7,1,5,4,1,18,2091963.56,169417.08,,887824.60,1034721.88,989888.17,2164504143,10
2017,Nevada,state,437,433,4,15,12,3,15,14,1,19,4002525.90,390566.55,,892095.85,2719863.50,2127046.84,3716635489,17
2017,New Hampshire,state,65,38,27,7,2,5,4,1,3,14,738734.37,310,,712364.03,26060.34,761236.54,2163399761,7
2017,New Jersey,state,436,405,31,15,6,9,13,9,4,15,6862005.44,2583205,,4278800.44,0,3966531.98,15565737636,30
2017,New Mexico,state,220,207,13,7,7,0,3,3,0,21,1712900.35,8738.97,,992624,711537.38,2681855.90,5020119695,23
2017,New York,state,760,640,120,111,79,32,118,70,48,74,132095792.05,27762147.58,,61499155.55,42834488.92,49583121.29,78563137293,299
2017,North Carolina,state,365,362,3,3,3,0,17,14,3,21,30577962.91,18432938.24,,3212651.67,8932373,6084052.12,14011600177,49
2017,Ohio,state,1336,894,442,168,121,47,155,123,32,20,25805602.45,20879345.39,,4583899.61,342357.45,12111876.29,23988555231,95
2017,Oklahoma,state,270,207,63,17,7,10,29,19,10,16,4140006.88,2406043.97,,1572461.38,161501.53,2265247,4839553798,28
2017,Oregon,state,87,82,5,52,50,2,45,41,4,11,8143439.04,3146365.19,,4997073.85,0,2543190.40,8826395049,15
2017,Pennsylvania,state,487,462,25,105,103,2,90,84,6,13,13767733.34,11612309.29,,2155424.05,0,8293636.06,29083711619,62
2017,Rhode Island,state,97,82,15,4,2,2,10,6,4,9,603039.66,303145.75,,272893.91,27000,1391749.12,2786350493,12
2017,South Carolina,state,179,130,49,17,12,5,13,9,4,19,13229597.47,1405895.48,,8544963.12,3278738.87,1554841.92,6268421251,15
2017,South Dakota,state,50,46,4,2,1,1,3,0,3,15,180720.08,5472.60,,173247.48,2000,437121.41,902719239,4
2017,Tennessee,state,227,205,22,35,26,9,16,8,8,24,18270732.06,5640062.61,,8750716.78,3879952.67,4739840.68,9661478672,38
2017,Texas,state,1335,1194,141,108,98,10,137,128,9,17,534055130.52,518651545.83,,6404664.16,8998920.53,21751951.87,37152558007,164
2017,Utah,state,152,120,32,14,8,6,6,2,4,2,934994,153602,,778074,3318,2073402.81,2589750289,13
2017,Vermont,state,71,62,9,5,5,0,7,5,2,15,7264139,243566,,134942,6885631,1009972.30,1742676601,8
2017,Virginia,state,408,408,0,42,42,0,41,40,1,26,30422785.13,1273508.97,,24867683.04,4281593.12,10960875.43,9458031224,91
2017,Washington,state,294,284,10,4,4,0,5,5,0,18,2885264.30,55063.62,,2160591.54,669609.14,4787022,12606903927,37
2017,West Virginia,state,154,142,12,10,8,2,5,4,1,15,5769428.26,103075.03,,3197324.63,2469028.60,1159292.12,4157807522,11
2017,Wisconsin,state,238,224,14,1,1,0,1,1,0,22,24336396,19370,,4517026,19800000,1481973.82,8503112507,13
2017,Wyoming,state,33,30,3,1,1,0,6,4,2,10,614032.90,107832.18,,503181.72,3019,467505.59,648699099,4
2018,Alabama,state,59,45,14,11,9,2,18,10,8,8,7827694.49,2232439.78,,5595254.71,0,1315157.44,5768025506,10
2018,Alaska,state,158,148,10,20,20,0,8,8,0,5,2703915.69,85885.61,,568638,2049392.08,1737871.62,2196000353,12
2018,Arizona,state,206,170,36,83,74,9,63,56,7,8,11973830.19,835167.96,,11138662.23,0,3482650.06,12406620828,27
2018,Arkansas,state,214,124,90,36,12,24,28,14,14,30,6639874.10,530413.52,,5400464.33,708996.25,2377754.21,6709044022,21
2018,California,state,1766,1200,566,222,146,76,186,113,73,22,15373634.78,6176648.82,,4592861.35,4604124.61,44507337.13,88895768297,205
2018,Colorado,state,333,302,31,11,8,3,7,6,1,35,6797290.86,77227.79,,6410054.55,310008.52,2373031.08,9337178911,15
2018,Connecticut,state,85,83,2,3,3,0,6,6,0,14,6497861.34,3250400.66,,539460.78,2707999.90,2246843.21,8570841507,12
2018,Delaware,state,601,577,24,12,7,5,14,4,10,12,2373578.61,8580.19,,2054119.50,310878.92,2059739.24,2327046971,17
2018,District of Columbia,district,101,95,6,8,5,3,4,4,0,11,9731625.36,9566823.56,,164018.44,783.36,2770143.32,2976558441,17
2018,Florida,state,667,595,72,55,43,12,49,37,12,16,69215336.58,59776527.70,,3334425.55,6104383.33,18661080.55,23747162235,151
2018,Georgia,state,522,513,9,24,20,4,14,13,1,34,27184014.74,1363273.54,,21897076.11,3923665.09,4810189.63,11398504876,44
2018,Hawaii,state,472,429,43,7,7,0,4,3,1,11,754357.33,37670.98,,657198.15,59488.20,2168237.35,2311151261,16
2018,Idaho,state,135,132,3,3,3,0,2,2,0,8,370510.31,6135.93,,364374.38,0,928206.19,2024439472,9
2018,Illinois,state,388,335,53,56,47,9,49,42,7,19,6429593.76,2934899.70,,2037952.64,1456741.42,7815423.84,23112241735,42
2018,Indiana,state,1181,866,315,41,38,3,31,28,3,20,22936756.77,12430988.08,,9837480.75,668287.94,6639937.69,11796378211,58
2018,Iowa,state,372,331,41,59,26,33,50,25,25,17,4752976.80,491379.28,,3782658.64,478938.88,1066129.74,4992488405,9
2018,Kansas,state,240,164,76,25,10,15,13,11,2,4,282381.02,156629.11,,125751.91,0,1634665.60,3603034923,15
2018,Kentucky,state,147,118,29,21,12,9,16,13,3,17,31611155.07,13938658.18,,13937542.41,3734954.48,3495480.05,10114058416,29
2018,Louisiana,state,527,446,81,74,66,8,77,65,12,18,11019438.89,1686841.04,,8714689.71,617908.14,7303057.48,11222709411,67
2018,Maine,state,99,83,16,12,8,4,17,8,9,7,1647681.86,37036.42,,79868.70,1530776.74,1076956.27,2841007872,9
2018,Maryland,state,396,364,32,13,10,3,17,16,1,32,15508772.66,407086.52,,11797353.14,3304333,4344751.29,11867520808,34
2018,Massachusetts,state,571,516,55,14,14,0,5,5,0,20,44691804.78,86449.48,,22761649.97,21843705.33,5810593,18699858030,42
2018,Michigan,state,439,389,50,13,6,7,15,11,4,16,24596798.97,3008069.79,,20594284.61,994444.57,5114490.51,17085638296,30
2018,Minnesota,state,270,265,5,64,62,2,54,51,3,12,8428634,4549578.87,,2129055.13,1750000,2863917.13,13130373020,26
2018,Mississippi,state,666,111,555,59,6,53,60,6,54,14,12104380.88,1511171.32,,5377168.36,5216041.20,3526284,5443612233,34
2018,Missouri,state,174,154,20,16,13,3,13,12,1,10,2965595.25,1030155.16,,1546388.51,389051.58,2305744.16,10709689095,22
2018,Montana,state,81,73,8,3,3,0,7,5,2,8,1252900.04,50983.76,,1201916.28,0,825481.33,1920831782,8
2018,Nebraska,state,121,93,28,5,5,0,5,5,0,13,2803669.33,130008.94,,1890508.25,783152.14,1046918.22,2234101910,10
2018,Nevada,state,425,422,3,15,15,0,11,9,2,19,5485042.47,1353710.50,,3931029.86,200302.11,2003056.21,4127315581,16
2018,New Hampshire,state,79,46,33,1,1,0,2,0,2,2,1017724.86,0,,1016565.66,1159.20,775114.55,2273337486,8
2018,New Jersey,state,468,417,51,22,6,16,21,9,12,17,24011340.94,7793582.99,,15590574.61,627183.34,3722721.43,15706565267,26
2018,New Mexico,state,176,158,18,6,3,3,3,3,0,12,3941930.24,10452.32,,3533102.10,398375.82,2513182.99,5332964484,21
2018,New York,state,762,619,143,87,54,33,97,67,30,91,61709155.97,725944.29,,3423561.44,57559650.24,54691330.84,75262657182,304
2018,North Carolina,state,359,354,5,16,15,1,21,20,1,17,38494795.76,13827949.57,,23491849.03,1174997.16,5588968.81,14060675775,41
2018,Ohio,state,1284,867,417,166,107,59,148,99,49,21,32404737.51,10328937.64,,21911150.83,164649.04,12274547.42,22694958437,97
2018,Oklahoma,state,261,190,71,39,23,16,24,12,12,17,8727496.88,1422831.12,,6293203.27,1011462.49,2465829,4659329936,26
2018,Oregon,state,72,69,3,50,47,3,49,47,2,8,891325.78,598671.56,,210421.43,82232.79,2934088.93,9382904731,17
2018,Pennsylvania,state,503,470,33,164,156,8,105,103,2,10,22306796.60,3260707.12,,19046089.48,0,9107567.31,30758314287,58
2018,Rhode Island,state,100,81,19,8,7,1,3,3,0,10,3408544.88,307842.25,,3052540.82,48161.81,1373714.09,2783542978,11
2018,South Carolina,state,195,124,71,17,11,6,15,10,5,18,16455698.04,4646672.86,,2220957.51,9588067.67,1362868.85,6357022896,16
2018,South Dakota,state,43,43,0,4,2,2,4,2,2,7,1125284.65,131804,,639476.05,354004.60,420013.67,913990729,5
2018,Tennessee,state,221,199,22,22,15,7,30,26,4,20,50942916.91,5709325.27,,12830079.02,32403512.62,4968913.62,10301164426,38
2018,Texas,state,1319,1199,120,89,73,16,69,64,5,21,182511442.36,128843965.69,,49958654.85,3708821.82,22894422.83,38962764740,172
2018,Utah,state,162,122,40,16,5,11,14,7,7,13,982072,532299,,371838,77935,2092903,2578963871,13
2018,Vermont,state,84,62,22,11,11,0,10,10,0,6,2431252,265206,,1777853,388193,1043428.68,1769804444,9
2018,Virginia,state,385,385,0,52,52,0,27,27,0,19,14112278.09,5094773.83,,4421179.71,4596324.55,11525763.60,9934971320,86
2018,Washington,state,530,321,209,3,2,1,4,3,1,15,12343705.27,19713.35,,12250833.92,73158,5205464,12827331385,36
2018,West Virginia,state,112,105,7,7,5,2,4,4,0,8,1913941.59,770034.37,,961829.22,182078,1006092.06,3996923158,13
2018,Wisconsin,state,218,199,19,26,18,8,6,1,5,12,12568848,19741,,10480641,2068466,1484562.53,9180255127,13
2018,Wyoming,state,36,32,4,5,5,0,4,4,0,6,2909976.80,2283802.49,,626174.31,0,457082.35,669181828,4
2019,Alabama,state,79,64,15,6,6,0,6,6,0,7,8229347.97,12978.24,,8216369.73,0,1392417.67,6096457566,10
2019,Alaska,state,183,172,11,13,13,0,16,15,1,4,2609761,2368349,,241412,0,1671222.64,2243669019,12
2019,Arizona,state,239,198,41,84,76,8,70,62,8,5,7541097.83,688861.61,,6852236.22,0,3949181.56,13482090704,27
2019,Arkansas,state,150,108,42,25,18,7,28,20,8,30,5335184.54,763944.55,,4015177.31,556062.68,2676551.20,7243622415,22
2019,California,state,1800,1226,574,180,105,75,151,90,61,17,54573806.52,5273022.18,,544226.58,48756557.76,44861807.10,94100410374,199
2019,Colorado,state,445,399,46,15,14,1,9,7,2,19,22837463.33,1388637.65,,6897498.52,14551327.16,2166337.93,9526143614,16
2019,Connecticut,state,93,92,1,13,13,0,6,6,0,14,8561937.22,2499376.90,,2897026.70,3165533.62,2418252.52,8530550005,13
2019,Delaware,state,663,635,28,19,8,11,29,10,19,7,6749580.93,35631.07,,1478932.68,5235017.18,2197955.92,2346881663,17
2019,District of Columbia,district,92,86,6,11,9,2,7,6,1,8,13266186.91,13068024.08,,79129.57,119033.26,2899941.56,3122959135,19
2019,Florida,state,826,698,128,63,44,19,47,36,11,22,81248447.63,27735790.56,,19190948.10,34321708.97,17734741.21,25128795104,149
2019,Georgia,state,584,572,12,36,25,11,21,19,2,14,13086030.78,4243124.71,,5263933.82,3578972.25,4797058.25,11430130311,40
2019,Hawaii,state,488,460,28,6,3,3,6,4,2,6,4523470.09,3887687.50,,180919.71,454862.88,2181841.50,2280727854,16
2019,Idaho,state,152,149,3,7,7,0,4,4,0,5,1983968.24,42538.97,,1941429.27,0,927043.10,2266387357,9
2019,Illinois,state,454,408,46,30,20,10,49,37,12,11,146283349.91,2585595.85,,8602655.77,135095098.29,8004722.08,19359536579,44
2019,Indiana,state,1138,875,263,48,46,2,40,35,5,9,16417013.84,1680223.20,,1340592.19,13396198.45,7642679.59,12994381229,58
2019,Iowa,state,309,281,28,35,16,19,47,18,29,10,3527889.70,189555.66,,2999833.60,338500.44,1224729.09,5352358555,8
2019,Kansas,state,267,179,88,9,8,1,18,8,10,7,4756685.96,52857.13,,4091328.83,612500,1584083.66,3799701074,16
2019,Kentucky,state,165,136,29,22,15,7,17,10,7,17,26333549.02,3157780.12,,4256692.41,18919076.49,3536582.60,10510327124,30
2019,Louisiana,state,532,443,89,99,68,31,45,39,6,14,17967360.29,2291741.37,,2294766.92,13380852,7627551.14,12047327141,64
2019,Maine,state,89,67,22,25,19,6,18,17,1,8,207565.36,8649,,182452.36,16464,1176066.15,3018999938,9
2019,Maryland,state,271,246,25,8,6,2,12,10,2,20,7019613.67,1479262.88,,2258425.19,3281925.60,4646294.61,12254470541,39
2019,Massachusetts,state,597,562,35,3,3,0,13,13,0,29,23271440.68,485259.63,,2878993.93,19907187.12,5400900,18639531025,38
2019,Michigan,state,460,388,72,26,12,14,18,11,7,17,7002961.96,734463.77,,5687114.28,581383.91,5655914.73,18989101820,30
2019,Minnesota,state,268,252,16,69,58,11,66,65,1,9,13090914.49,10452879.77,,2329034.72,309000,3234446.61,13518929211,26
2019,Mississippi,state,863,111,752,34,6,28,54,4,50,10,2532776.43,146606.06,,2089846.51,296323.86,3467753,5681438980,37
2019,Missouri,state,200,179,21,29,27,2,24,23,1,14,28131754.26,9049315.21,,11038547.18,8043891.87,2369439.56,10910423751,24
2019,Montana,state,73,59,14,6,5,1,9,9,0,5,712384.56,86022.66,,249630.78,376731.12,838729.26,1952049204,7
2019,Nebraska,state,104,86,18,6,5,1,3,3,0,6,3163720.07,140239.20,,2968069.63,55411.24,1154465.92,2265518681,10
2019,Nevada,state,289,286,3,27,25,2,18,18,0,11,9685725.05,4452649.22,,4625694.15,607381.68,2447237.89,4179456063,17
2019,New Hampshire,state,78,40,38,4,2,2,6,1,5,4,772524.22,479970.76,,292553.46,0,857822.41,2127338051,8
2019,New Jersey,state,296,243,53,31,23,8,15,7,8,8,9710267.54,3062016.45,,6585751.09,62500,3976715.15,16850013509,30
2019,New Mexico,state,168,153,15,11,9,2,7,5,2,11,1373807.14,5682.72,,903214.66,464909.76,2829421.55,5491501664,21
2019,New York,state,717,615,102,70,46,24,86,56,30,67,68147253.35,1922411.59,,22860036.35,43364805.41,51800854.76,60209122828,293
2019,North Carolina,state,387,381,6,8,8,0,10,10,0,15,32661955.92,19381419.71,,8852431.48,4428104.73,5143054.65,14386105626,44
2019,Ohio,state,1359,898,461,210,148,62,166,108,58,18,31268289.32,20299862.62,,9914872.17,1053554.53,13009113.01,24509097994,97
2019,Oklahoma,state,266,191,75,15,5,10,26,14,12,13,17257749.38,1178982.93,,5770616.45,10308150,2349293.05,4964532785,25
2019,Oregon,state,67,64,3,22,21,1,26,24,2,5,1391582.08,474335.77,,917246.31,0,2974379.77,9938323199,14
2019,Pennsylvania,state,522,497,25,137,133,4,118,114,4,9,4734602.12,1251904.73,,3482697.39,0,9871366.92,32960926112,68
2019,Puerto Rico,territory,23,11,12,0,0,0,0,0,0,0,0,0,,0,0,479813.72,2609246749,14
2019,Rhode Island,state,86,73,13,10,5,5,5,5,0,10,702204.29,42306.03,,499618.37,160279.89,1197511.29,2765235479,10
2019,South Carolina,state,252,158,94,45,17,28,18,6,12,12,3390937.45,3195261.21,,70542.66,125133.58,1709809.41,6679680576,16
2019,South Dakota,state,59,55,4,1,0,1,1,0,1,9,464043.69,3736.25,,404397.57,55909.87,458162.73,949408952,5
2019,Tennessee,state,219,203,16,38,36,2,13,4,9,18,48499105.77,1634325.37,,12528505.95,34336274.45,5366355.85,10784219341,41
2019,Texas,state,1414,1280,134,68,62,6,72,63,9,6,155988735.44,144538869.16,,11446366.21,3500.07,23810780.36,41485923108,164
2019,U.S. Virgin Islands,territory,0,0,0,0,0,0,0,0,0,0,0,0,,0,0,269725.86,151285234,1
2019,Utah,state,178,134,44,14,2,12,15,5,10,23,3610942,220265,,2299493,1091184,2135412,2901053155,11
2019,Vermont,state,71,51,20,5,3,2,5,5,0,10,1279198,53206,,441935,784057,1016671,1802147573,8
2019,Virginia,state,429,429,0,58,58,0,44,44,0,14,949535331.85,1207692.52,,948327639.33,0,12427380,5230112639,96
2019,Washington,state,359,330,29,8,4,4,16,14,2,18,10715081.14,6324.87,,6474041.81,4234714.46,7245808,10545245320,51
2019,West Virginia,state,120,108,12,5,3,2,5,5,0,17,19552517.66,0,,2272607.56,17279910.10,1198608.41,4109125440,13
2019,Wisconsin,state,168,150,18,9,7,2,21,16,5,9,28697472.44,810564.44,,11597581,16289327,1675894.61,9525056580,12
2019,Wyoming,state,42,39,3,4,3,1,1,0,1,7,6769167.46,6325672.36,,441759.02,1736.08,377147.07,661612272,3
2020,Alabama,state,55,47,8,3,3,0,3,0,3,8,4873356,25133,,4599490,248733,1450807,6310773261,10
2020,Alaska,state,203,184,19,7,7,0,11,11,0,6,3464347,1509155,,1201919,753273,1895090,2188557009,12
2020,Arizona,state,250,203,47,95,81,14,56,48,8,7,15525961,676705,,2953607,11895648,3808250,14671982216,26
2020,Arkansas,state,185,139,46,18,10,8,16,10,6,15,2460721,148584,,2186137,126000,2902425,7080208079,22
2020,California,state,1830,1234,596,104,75,29,93,69,24,25,56983518,23955367,,28856214,4171937,43421451,103886573080,185
2020,Colorado,state,486,421,65,16,6,10,14,12,2,25,4751573,1096590,,3271191,383792,2569759,10111347066,20
2020,Connecticut,state,113,112,1,6,6,0,2,2,0,18,24599831,977282,,20356519,3266030,2615312,8828397755,11
2020,Delaware,state,670,611,59,25,10,15,17,4,13,11,4077365,9514,,3606851,461000,2190363,2457762125,17
2020,District of Columbia,district,109,75,34,10,9,1,5,5,0,7,4847366,2213445,,2633921,0,3536247,3369959665,19
2020,Florida,state,845,659,186,37,21,16,27,16,11,23,15479391,1017019,,13456293,1006079,17516441,25934002549,137
2020,Georgia,state,608,570,38,4,4,0,18,17,1,24,23697695,2520270,,7924438,13252988,5015516,11824015543,46
2020,Hawaii,state,600,541,59,2,0,2,1,0,1,7,694731,6740,,607991,80000,2031137,2431846083,14
2020,Idaho,state,179,176,3,7,7,0,6,6,0,7,233355,27210,,193525,12620,870155,2615497366,9
2020,Illinois,state,523,470,53,14,9,5,20,18,2,12,28889705,2054409,,25333510,1501786,8640571,23327206246,42
2020,Indiana,state,948,788,160,62,56,6,34,33,1,13,16089126,2028857,,13061982,998287,7873145,14782137306,59
2020,Iowa,state,310,275,35,13,7,6,12,6,6,17,3894120,727406,,1115517,2051197,1051704,5963241908,7
2020,Kansas,state,292,183,109,3,1,2,9,7,2,6,850540,67807,,782733,0,1812979,4058615572,15
2020,Kentucky,state,210,179,31,5,2,3,8,7,1,15,32965744,614739,,25709971,6641034,3915670,12190888589,29
2020,Louisiana,state,522,407,115,54,35,19,34,21,13,18,19904196,2426653,,9862519,7615023,7830383,12905575681,67
2020,Maine,state,87,60,27,10,2,8,9,1,8,7,16084974,669402,,15415572,0,1270805,3355498470,9
2020,Maryland,state,338,319,19,4,3,1,3,3,0,17,35106576,555857,,33563884,986835,5258795,12425976656,35
2020,Massachusetts,state,599,570,29,14,11,3,2,2,0,30,50208325,4243133,,26541082,19424110,6110567,18927715647,38
2020,Michigan,state,471,430,41,16,6,10,20,8,12,25,15567043,222002,,15254461,90580,5419593,19779677237,31
2020,Minnesota,state,240,226,14,68,66,2,36,35,1,9,10542342,1968378,,8411887,162077,3211651,14364508821,25
2020,Mississippi,state,323,114,209,39,10,29,36,10,26,14,3917355,558125,,3041928,317302,3186244,5769034193,35
2020,Missouri,state,216,167,49,34,27,7,25,24,1,12,9459042,1856082,,5776538,1826421,2453267,11335088386,22
2020,Montana,state,83,69,14,8,3,5,8,5,3,7,812998,443136,,369862,0,678503,2094512201,6
2020,Nebraska,state,92,67,25,7,4,3,8,7,1,10,1552196,853169,,277188,421839,1227186,2458632699,10
2020,Nevada,state,309,304,5,15,15,0,13,12,1,14,5157562,1845594,,2692957,619011,2486381,4315178538,17
2020,New Hampshire,state,56,39,17,4,4,0,3,1,2,10,2303324,111425,,2186285,5613,798163,2370525838,6
2020,New Jersey,state,362,298,64,6,3,3,12,7,5,9,17105221,59830,,17045391,0,3973143,17475504898,29
2020,New Mexico,state,286,274,12,11,11,0,8,7,1,10,6449922,30026,,5946162,473734,2711628,6584282166,22
2020,New York,state,830,672,158,15,14,1,18,14,4,54,181015314,866442,,100750407,79398465,50111036,72816196684,267
2020,North Carolina,state,409,402,7,6,6,0,5,5,0,15,27871589,8729398,,16498752,2643438,5668883,15607811031,48
2020,North Dakota,state,32,27,5,1,0,1,0,0,0,6,184015,0,,184015,0,698171,1374445441,5
2020,Ohio,state,1162,826,336,139,95,44,118,86,32,20,75341136,30611816,,44583352,145967,13701708,26187237969,104
2020,Oklahoma,state,312,207,105,21,3,18,16,5,11,13,20626562,1334516,,5700215,13591830,2311631,5173834353,25
2020,Oregon,state,84,74,10,4,4,0,10,10,0,6,2017947,230616,,1787331,0,2565874,11197091390,14
2020,Pennsylvania,state,573,513,60,194,187,7,142,134,8,7,60620845,1493114,,59127731,0,10699497,36002255104,72
2020,Puerto Rico,territory,44,34,10,1,1,0,0,0,0,3,381034,0,,381034,0,810951,2873339415,13
2020,Rhode Island,state,103,87,16,3,2,1,0,0,0,13,5868498,0,,5832584,35914,1255423,2961434109,10
2020,South Carolina,state,336,236,100,21,10,11,14,2,12,10,8104192,241854,,5197264,2665074,1615842,7031608207,14
2020,South Dakota,state,74,66,8,3,1,2,3,1,2,10,810831,463237,,336734,10861,479276,982499940,5
2020,Tennessee,state,244,214,30,20,15,5,6,5,1,33,44456267,1796185,,22999008,19661073,7826023,12258135031,59
2020,Texas,state,1512,1382,130,96,82,14,37,35,2,15,74435337,60514525,,12867176,1053636,21655107,43297652683,161
2020,U.S. Virgin Islands,territory,14,13,1,0,0,0,0,0,0,0,0,0,,0,0,323923,86450380,4
2020,Utah,state,151,116,35,17,6,11,9,3,6,52,2473344,198606,,2167546,107192,2351573,3264010842,15
2020,Vermont,state,72,51,21,16,15,1,4,4,0,8,11733234,54834,,10801629,876771,957670,1795293573,6
2020,Virginia,state,446,444,2,18,16,2,44,43,1,24,28546778,9116380,,9090710,10339688,11483807,10378177032,92
2020,Washington,state,473,413,60,19,9,10,11,6,5,28,12778764,1894733,,7713225,3170806,8427268,14577570938,55
2020,West Virginia,state,215,192,23,5,3,2,4,2,2,6,14887448,91877,,12100261,2695310,1290508,4294691890,19
2020,Wisconsin,state,180,166,14,2,2,0,6,4,2,19,16443724,35334,,13337498,3070892,1431179,9846290921,10
2020,Wyoming,state,54,53,1,3,2,1,1,1,0,6,849322,2100,,847122,100,443354,692031455,4
2021,Alabama,state,43,32,11,4,3,1,11,8,3,6,3547133.22,2435140.29,,1111992.93,0,1489864.74,6830948902,10
2021,Alaska,state,167,152,15,5,5,0,2,2,0,8,2510076.10,1998393.31,,379157.53,132525.26,1683157.58,2301389622,12
2021,Arizona,state,175,146,29,76,67,9,39,33,6,10,2843073.29,518421.10,,1824652.19,500000,4188609.56,17907764164,28
2021,Arkansas,state,191,144,47,20,12,8,15,8,7,20,8090180.14,76650.32,,1347748.88,6665780.94,2835246.13,7659817684,22
2021,California,state,1472,989,483,65,41,24,88,53,35,20,72973624.08,25066372.85,,10275460.57,37631790.66,44307262.15,115690408869,186
2021,Colorado,state,472,409,63,19,3,16,10,2,8,23,7743642.33,193830.01,,7238805.56,311006.76,2918882.90,11185618422,20
2021,Connecticut,state,135,135,0,11,11,0,2,2,0,17,12652680.19,55882.66,,9798846.87,2797950.66,2435107.16,7311806873,13
2021,Delaware,state,527,459,68,10,2,8,9,2,7,11,734355.38,7701.50,,726653.88,0,2173063.95,2514092363,17
2021,District of Columbia,district,91,51,40,8,3,5,4,3,1,10,3377753.20,1594645.09,,1783108.11,0,3212586.04,3618622221,16
2021,Florida,state,809,685,124,50,32,18,35,25,10,22,13071539.71,1038235.77,,10007750.33,2025553.61,17793361.89,28760456851,148
2021,Georgia,state,593,558,35,8,6,2,2,1,1,23,6415508.90,1028494,,3959928.90,1427086,5276711.35,12709068238,47
2021,Hawaii,state,675,542,133,1,1,0,5,4,1,6,1282971.92,1107735.96,,163235.96,12000,1710085.13,2898793908,14
2021,Idaho,state,179,177,2,7,7,0,7,7,0,4,724021.72,29617.92,,694403.80,0,914381.59,3007621707,9
2021,Illinois,state,502,453,49,49,38,11,28,20,8,11,12317688.97,3425819.74,,8417014.76,474854.47,9404958.18,27950531219,49
2021,Indiana,state,924,786,138,66,60,6,61,57,4,18,9773660.10,1762048.61,,7087135.83,924475.66,7603299.59,16079130856,59
2021,Iowa,state,294,259,35,32,16,16,20,12,8,9,1765090.31,602570.07,,940520.24,222000,852995.29,6071314469,8
2021,Kansas,state,275,199,76,6,3,3,6,3,3,7,2492985.06,20591.10,,2472393.96,0,2357175.88,4281483229,15
2021,Kentucky,state,233,205,28,18,16,2,28,22,6,14,20549679.41,2454139.23,,13084863.53,5010676.65,4026385.72,14803544906,32
2021,Louisiana,state,521,372,149,72,42,30,41,29,12,12,17043496.62,1001905.52,,5348939.55,10692651.55,8465911.62,13647030555,64
2021,Maine,state,58,43,15,4,2,2,9,3,6,6,4099341.75,2863403.72,,1235938.03,0,1227463.29,3505096838,9
2021,Maryland,state,362,331,31,12,7,5,5,3,2,15,16543233.82,1034672.23,,14801289.92,707271.67,4702440.15,13947928487,33
2021,Massachusetts,state,615,581,34,13,11,2,5,3,2,18,33173697.77,1198132.35,,9721631.29,22253934.13,6082329.14,21064079886,39
2021,Michigan,state,484,438,46,13,7,6,10,4,6,24,10698548.66,337868.55,,8936769.60,1423910.51,6014701,21340831168,30
2021,Minnesota,state,261,249,12,64,63,1,43,41,2,13,9150811.45,3212703.23,,5874960.30,63147.92,3478390.34,15590649664,27
2021,Mississippi,state,600,118,482,104,2,102,94,5,89,12,5829451.72,4296272.66,,1501708.38,31470.68,3477579,5923387274,35
2021,Missouri,state,268,226,42,27,25,2,12,7,5,17,4255232.92,313537.42,,1752925.28,2188770.22,2506866.56,11871935492,22
2021,Montana,state,82,72,10,12,9,3,10,10,0,8,813510,216961.64,,476548.36,120000,871803.71,2263516359,9
2021,Nebraska,state,84,63,21,8,6,2,5,2,3,10,1695220.24,27164.97,,1120691.87,547363.40,1269594.72,3254919749,11
2021,Nevada,state,318,311,7,21,21,0,19,18,1,13,3347791.44,1894709.85,,1187178.48,265903.11,2532485.28,4931364852,17
2021,New Hampshire,state,41,36,5,4,2,2,4,4,0,5,2041287.53,1042596.28,,998691.25,0,751409.31,2497803826,7
2021,New Jersey,state,228,171,57,6,5,1,7,5,2,13,11942472.99,115278.20,,11698042.49,129152.30,4385099.71,19957238404,31
2021,New Mexico,state,248,239,9,3,3,0,11,11,0,12,8565047.58,485891.39,,7142487.11,936669.08,3143071.80,7155993020,24
2021,New York,state,821,653,168,10,6,4,12,9,3,49,77077498.39,483803.76,,49964870.18,26628824.45,50917579.56,73267974087,254
2021,North Carolina,state,366,360,6,11,10,1,15,14,1,35,120331089.25,52760513.54,,15872544.69,51698031.02,6701349.20,17700091176,47
2021,North Dakota,state,60,40,20,4,2,2,0,0,0,3,133734.32,0,,133734.32,0,668514.74,1476249310,6
2021,Ohio,state,1058,747,311,197,136,61,156,115,41,37,39905701.98,5873600.26,,33790821.29,241280.43,14171846.63,28426566254,105
2021,Oklahoma,state,294,215,79,32,11,21,17,8,9,12,2813307.41,878297.28,,1920138.15,14871.98,2260561.48,5557090896,22
2021,Oregon,state,74,65,9,5,4,1,6,5,1,13,8901369.40,162432.51,,3583502.18,5155434.71,3004276.22,11744178139,15
2021,Pennsylvania,state,569,512,57,115,112,3,98,94,4,10,33583686.18,4993862.44,,28589823.74,0,10289239.05,38236422291,72
2021,Puerto Rico,territory,51,35,16,12,6,6,2,2,0,4,497203.94,7793,,3936.08,485474.86,938094.54,3221483398,15
2021,Rhode Island,state,122,101,21,4,2,2,1,1,0,10,3152410.89,105106.35,,2816675.78,230628.76,1263015.25,3177656762,10
2021,South Carolina,state,221,136,85,13,0,13,6,4,2,12,8180240.09,3719802.84,,2874660.10,1585777.15,1649132.81,7401541544,17
2021,South Dakota,state,65,62,3,3,1,2,2,1,1,9,745993.93,4893.83,,161291.08,579809.02,480627.61,1059995110,5
2021,Tennessee,state,232,188,44,21,13,8,17,14,3,15,184558619.82,11786094.60,,9294265.32,163478259.90,8021980.31,11865100334,59
2021,Texas,state,1532,1390,142,78,64,14,53,48,5,13,394766168.51,374092513.71,,20671550.47,2104.33,21103472.18,46867347267,156
2021,U.S. Virgin Islands,territory,5,4,1,2,2,0,0,0,0,0,0,0,,0,0,473356.66,111364237,4
2021,Utah,state,126,84,42,16,6,10,15,4,11,13,26924827.08,35416.59,,1764170.17,25125240.32,2531436,3692743490,16
2021,Vermont,state,60,33,27,4,1,3,6,6,0,5,5000137,53613,,4794642,151882,1150721.88,1831974331,9
2021,Virginia,state,336,334,2,28,25,3,31,28,3,16,444355438.04,339952040.92,,101444141.23,2959255.89,12551368.37,12014392116,90
2021,Washington,state,471,414,57,8,5,3,6,4,2,16,3330927.38,118032.69,,3051844.69,161050,8250587.80,17816241636,48
2021,West Virginia,state,192,179,13,19,16,3,13,12,1,9,6311511.70,44472.69,,5964930.65,302108.36,1624206.76,4804270561,19
2021,Wisconsin,state,184,171,13,12,8,4,0,0,0,12,8280538,0,,7440457,840081,1487023.40,10809161768,12
2021,Wyoming,state,49,46,3,1,1,0,2,2,0,6,1902142.70,104498,,259644.70,1538000,396986.46,669526264,4
2022,Alabama,state,42,35,7,2,1,1,3,1,2,4,2268562.67,56720.74,,2211841.93,0,1555296.99,7406975790,9
2022,Alaska,state,181,158,23,0,0,0,2,2,0,3,87898.32,16256,,71642.32,0,1830614.14,2592461510,12
2022,Arizona,state,141,119,22,31,29,2,52,46,6,3,7727116.33,1180944.25,,6546172.08,0,4222034.03,20588622069,27
2022,Arkansas,state,214,155,59,51,29,22,33,15,18,18,42554066.21,919503.25,,252963.82,41381599.14,3378171,8975474497,22
2022,California,state,1327,842,485,66,49,17,66,42,24,19,108517300.61,53635715.04,,26965026.14,27916559.43,54820182.75,125017780154,220
2022,Colorado,state,435,405,30,3,2,1,11,3,8,8,5940578.60,224838.80,,5382348,333391.80,2626018.05,12424415086,14
2022,Connecticut,state,156,153,3,3,3,0,5,5,0,13,27513822.65,17002.48,,5017571.94,22479248.23,2573386.26,10025149152,12
2022,Delaware,state,292,247,45,17,5,12,19,5,14,3,1231771.69,181756.17,,930287.90,119727.62,2365514.48,3239518726,17
2022,District of Columbia,district,86,50,36,5,4,1,6,4,2,5,7713628.78,2583984.20,,1284815.43,3844829.15,2974886.98,3930666278,21
2022,Florida,state,669,600,69,56,40,16,66,43,23,13,88334626.60,63451212.57,,15825546.86,9057867.17,20289973.99,33273631634,142
2022,Georgia,state,553,537,16,2,1,1,7,5,2,17,14632971.56,1161623.48,,40438.36,13430909.72,5566817.36,14876090399,43
2022,Hawaii,state,685,631,54,0,0,0,0,0,0,8,231744.84,0,,63744.84,168000,1787174.92,3102654280,15
2022,Idaho,state,187,184,3,6,6,0,5,5,0,2,654423.23,93322.91,,561100.32,0,1099588.69,3330143462,10
2022,Illinois,state,379,345,34,39,29,10,37,31,6,11,10404221.10,1935190.97,,8125414.30,343615.83,8893073.65,26972593207,35
2022,Indiana,state,948,763,185,30,25,5,43,39,4,12,19487614.79,5914192.98,,8661667.67,4911754.14,7169412.99,17322051022,56
2022,Iowa,state,276,237,39,26,12,14,18,7,11,7,2426166.69,64050.10,,1976953.22,385163.37,857844.66,6776825856,9
2022,Kansas,state,303,215,88,32,20,12,21,15,6,6,1552535.01,47871.77,,1477702.02,26961.22,2306311.21,4551471796,19
2022,Kentucky,state,238,212,26,9,7,2,9,9,0,12,15408763,8265378.15,,5382095.09,1761289.76,4938246.76,14876634041,33
2022,Louisiana,state,471,356,115,59,35,24,81,55,26,10,86430507.25,4127034.84,,3728309.56,78575162.85,8422965.25,15039040891,67
2022,Maine,state,58,37,21,12,5,7,9,2,7,2,688592.08,472584.98,,206367.42,9639.68,1432530.56,3952360568,9
2022,Maryland,state,372,342,30,19,16,3,7,5,2,12,3953857.77,54572.23,,3398962.44,500323.10,4975497.52,14844102111,36
2022,Massachusetts,state,590,553,37,27,25,2,6,5,1,35,71275660.43,644522.83,,6258207.12,64372930.48,6119401.35,22023428461,32
2022,Michigan,state,500,428,72,12,6,6,16,7,9,21,22964705.78,1030764.48,,15333943.32,6599997.98,5863143,21695810626,30
2022,Minnesota,state,223,212,11,29,29,0,71,70,1,6,12560408.87,6827707.91,,1732700.96,4000000,4087300.47,16896991072,30
2022,Mississippi,state,585,138,447,67,11,56,84,11,73,6,4912243.23,230650.79,,4442181.01,239411.43,3952955,6141810881,38
2022,Missouri,state,305,263,42,6,5,1,14,14,0,10,5262577.44,2819237.72,,1637329.12,806010.60,2177784.64,13440321022,23
2022,Montana,state,91,81,10,4,4,0,5,4,1,5,566101.72,37083.48,,258272.32,270745.92,899696.95,2448226101,9
2022,Nebraska,state,92,65,27,3,2,1,6,5,1,6,1496685.90,68272.79,,975010.76,453402.35,1399477.09,3481296640,11
2022,Nevada,state,316,308,8,22,22,0,19,19,0,13,16422091.36,5134354,,5116089.02,6171648.34,2540574.85,5271042050,19
2022,New Hampshire,state,60,51,9,4,3,1,2,2,0,4,396472.42,5348.04,,390037.66,1086.72,738227.11,2611767747,8
2022,New Jersey,state,159,121,38,7,2,5,4,1,3,4,6260273,11420.01,,5813557.72,435295.27,5762424.96,21885952455,30
2022,New Mexico,state,242,239,3,1,1,0,2,1,1,14,3270639.11,261094.44,,2540391.41,469153.26,3291227.24,8545105920,22
2022,New York,state,681,551,130,8,8,0,18,13,5,29,57973971.31,4148905.33,,27742506.36,26082559.62,53919799.99,82564771704,264
2022,North Carolina,state,366,362,4,6,6,0,13,13,0,14,33859198.07,10510047.30,,14455555.92,8893594.85,6803332.04,19467101160,48
2022,North Dakota,state,61,46,15,1,1,0,1,0,1,5,490239.62,0,,32365.38,457874.24,808200,1621017419,6
2022,Ohio,state,1131,800,331,154,115,39,160,117,43,36,9342652.81,7950681.10,,266556.91,1125414.80,15964276.98,31059865818,101
2022,Oklahoma,state,337,247,90,33,20,13,25,10,15,4,6445538.50,1398867.89,,4383554.61,663116,2635281.53,7745616099,25
2022,Oregon,state,63,56,7,11,10,1,7,7,0,4,4464488.35,3845810.16,,618678.19,0,3369512.29,13695755260,17
2022,Pennsylvania,state,464,377,87,135,118,17,158,153,5,6,31625624.50,22661888.95,,8963735.55,0,10680852.14,42294925403,70
2022,Puerto Rico,territory,69,46,23,3,0,3,4,3,1,4,3726344.47,100698.96,,2018908.51,1606737,1145613.32,5199877706,17
2022,Rhode Island,state,125,108,17,6,1,5,2,2,0,7,922763.73,29071.75,,823691.12,70000.86,1323070.04,3583681400,10
2022,South Carolina,state,178,96,82,40,4,36,27,12,15,9,4990656.95,341943.52,,4572433.81,76279.62,1946229.43,7926296721,18
2022,South Dakota,state,72,64,8,1,0,1,1,0,1,9,707351.76,2116.55,,178215.65,527019.56,549756.32,1320070094,5
2022,Tennessee,state,214,172,42,38,25,13,28,17,11,13,5762200.85,1975511.18,,1634791.67,2151898,8376147.02,12083213396,57
2022,Texas,state,1454,1303,151,91,74,17,71,59,12,10,219876847.53,187477817.55,,16184468.56,16214561.42,23632974.75,56569079099,153
2022,U.S. Virgin Islands,territory,3,3,0,1,1,0,0,0,0,0,0,0,,0,0,479968.84,161334817,3
2022,Utah,state,120,78,42,18,12,6,23,12,11,6,1515408.01,302567.52,,210541.71,1002298.78,2706184,4397543014,15
2022,Vermont,state,77,25,52,10,3,7,3,2,1,2,503529,76701,,1828,425000,1335238.28,2049357500,7
2022,Virginia,state,325,323,2,22,20,2,23,23,0,13,20434349.64,13009550.83,,5873505.82,1551292.99,13250089.13,18262708315,93
2022,Washington,state,509,444,65,27,24,3,11,9,2,36,47833748.81,2575.50,,10188188.84,37642984.47,8985952.22,18213259692,56
2022,West Virginia,state,173,155,18,12,10,2,14,9,5,20,5138856.02,86301.14,,925348.07,4127206.81,2149481.35,5392745508,21
2022,Wisconsin,state,160,146,14,8,5,3,8,6,2,8,7218161,250984,,3491620,3475557,1672154.98,11953068255,11
2022,Wyoming,state,48,47,1,0,0,0,1,1,0,6,1136378.73,6822.36,,990029.98,139526.39,459792.59,743710195,4
2023,Alabama,state,22,17,5,5,2,3,3,0,3,0,10556172.07,9376847,,1053134.07,126191,1553830,8088717204,8
2023,Alaska,state,196,172,24,3,2,1,1,1,0,2,38520.95,3518.12,,29480.67,5522.16,2125299,2705978030,12
2023,Arizona,state,243,220,23,69,52,17,67,60,7,4,7343117.27,7039378.96,,303738.31,0,4875444,22499522881,30
2023,Arkansas,state,191,120,71,23,10,13,31,18,13,17,2618911.74,249390.08,,594004.44,1775517.22,3154983,9132921635,18
2023,California,state,1136,759,377,49,37,12,67,56,11,26,362823882.01,5804459.49,,2985358.20,354034064.32,66345930,130133324961,236
2023,Colorado,state,384,367,17,10,9,1,11,7,4,9,2907717.37,1555309.48,,1343907.89,8500,3354027,13646983776,22
2023,Connecticut,state,167,164,3,8,7,1,9,9,0,16,18520950.54,475279.73,,10296.56,18035374.25,2874704,10738157192,13
2023,Delaware,state,257,214,43,26,2,24,15,3,12,7,727526.77,544717.90,,148838.87,33970,2384008,3467165402,18
2023,District of Columbia,district,66,42,24,9,5,4,4,2,2,2,9591444.59,8066138.23,,26943.86,1498362.50,3309856,4317450659,22
2023,Florida,state,668,583,85,96,85,11,46,37,9,9,18323053.04,15603593.21,,999278.86,1720180.97,20493691,34841609995,145
2023,Georgia,state,398,389,9,7,6,1,7,6,1,14,20597671.59,696676.73,,482640.43,19418354.43,5651368,16608700777,44
2023,Hawaii,state,454,368,86,0,0,0,0,0,0,4,11084423.60,0,,34423.60,11050000,2074191,3106645531,16
2023,Idaho,state,187,183,4,5,4,1,6,6,0,0,261465.23,258050.61,,0,3414.62,1150784,2920524660,9
2023,Illinois,state,351,316,35,31,25,6,42,35,7,5,12455013.21,5726314.52,,3368698.69,3360000,6385839,33306700578,26
2023,Indiana,state,985,691,294,70,59,11,37,34,3,13,65930619.57,1555384.51,,473536.18,63901698.88,7997841,17819794934,59
2023,Iowa,state,285,238,47,26,9,17,20,12,8,4,1676464.53,135952.32,,61945.06,1478567.15,991331,6927817062,9
2023,Kansas,state,282,218,64,23,16,7,21,10,11,2,170106.34,158685.27,,7218.97,4202.10,2426237,5436508176,17
2023,Kentucky,state,239,208,31,25,16,9,11,5,6,13,21333957.41,2113847.51,,73565.56,19146544.34,4498011,16642070989,32
2023,Louisiana,state,472,356,116,50,25,25,30,18,12,8,15263524.40,8766788.87,,18864.53,6477871,9276078,16628861150,61
2023,Maine,state,61,32,29,10,1,9,7,4,3,2,206276.11,5685.76,,200590.35,0,1494775,4286591113,9
2023,Maryland,state,363,323,40,10,2,8,13,10,3,11,2086415.76,456911.73,,514885.28,1114618.75,5610088,17552005124,36
2023,Massachusetts,state,603,566,37,15,12,3,19,15,4,19,23375309.29,3710435.53,,760659.20,18904214.56,6164639,24487922260,37
2023,Michigan,state,511,430,81,18,11,7,11,7,4,16,29764369.11,19716567.80,,5067731.80,4980069.51,6113464,23741817895,34
2023,Minnesota,state,208,198,10,45,44,1,45,43,2,6,5973588.68,4402965.81,,79986.72,1490636.15,4454431,19113079015,30
2023,Mississippi,state,386,99,287,40,4,36,55,11,44,8,17842771.95,15749147.56,,17801.02,2075823.37,3992436,6547605903,34
2023,Missouri,state,325,272,53,52,50,2,23,20,3,10,10086586.17,1535188.15,,1397183.77,7154214.25,2421377,16357682592,19
2023,Montana,state,75,69,6,12,10,2,4,4,0,2,500294.40,197015.87,,3278.53,300000,988842,2445041437,9
2023,Nebraska,state,78,53,25,4,3,1,1,0,1,2,714102.99,4107,,45739.92,664256.07,1429798,3930854013,10
2023,Nevada,state,314,297,17,21,20,1,14,13,1,7,4429292.44,3742591,,191222.21,495479.23,2773153,5767822220,19
2023,New Hampshire,state,70,65,5,15,14,1,6,5,1,5,174612.14,8844.18,,78225.46,87542.50,921481,2592839761,8
2023,New Jersey,state,193,145,48,17,11,6,12,9,3,7,7795878.86,83438.48,,0,7712440.38,6575561,23332486706,29
2023,New Mexico,state,297,287,10,9,5,4,4,4,0,7,137461.88,7502.93,,129958.95,0,3229730,8472955496,24
2023,New York,state,556,482,74,9,5,4,8,7,1,28,73204517.97,650809.32,,228215.82,72325492.83,55964293,94601679054,257
2023,North Carolina,state,356,351,5,5,5,0,8,7,1,14,43626378.67,31548009.65,,355212.56,11723156.46,6924305,20451882615,47
2023,North Dakota,state,85,61,24,2,2,0,2,1,1,1,3340.63,2635,,705.63,0,968329,1613379327,7
2023,Ohio,state,1110,836,274,142,75,67,183,126,57,35,22607684.54,21871894.60,,26865.43,708924.51,15996716,32851727654,102
2023,Oklahoma,state,417,309,108,17,4,13,13,6,7,8,2951918.11,581724.91,,23006.08,2347187.12,3353370,8854437969,25
2023,Oregon,state,82,69,13,11,4,7,14,8,6,5,30309176.90,535677.84,,34010.63,29739488.43,4097000,15327891373,18
2023,Pennsylvania,state,578,461,117,97,84,13,61,52,9,3,20115260.32,8184259.98,,249107.34,11681893,11049587,44971355512,71
2023,Puerto Rico,territory,80,56,24,9,4,5,6,1,5,1,363639.61,63639.61,,0,300000,1203748,4015440619,17
2023,Rhode Island,state,134,113,21,8,0,8,4,1,3,2,232396.50,15690,,105920.30,110786.20,1202585,3685175562,10
2023,South Carolina,state,193,87,106,31,4,27,27,5,22,4,1298036.57,1195431.30,,89990.98,12614.29,2574832,8871688570,19
2023,South Dakota,state,69,44,25,0,0,0,1,0,1,3,250566.93,154302.35,,5189.86,91074.72,494659,1263615866,5
2023,Tennessee,state,209,171,38,32,26,6,31,21,10,16,42953624.32,10183798.82,,435893.98,32333931.52,9236731,13434201648,57
2023,Texas,state,1087,1003,84,77,70,7,60,55,5,12,283141068.88,68722279.60,,799994.22,213618795.06,24617759,58422862375,147
2023,U.S. Virgin Islands,territory,6,6,0,0,0,0,1,1,0,0,29539.03,29539.03,,0,0,441206,179692945,3
2023,Utah,state,131,87,44,21,5,16,20,10,10,6,2225121.55,341748.25,,13450.04,1869923.26,3250291,4728174660,19
2023,Vermont,state,94,36,58,6,4,2,8,3,5,5,177977,25822,,38988,113167,1473791,2174979993,9
2023,Virginia,state,302,299,3,33,29,4,24,21,3,10,14594631.85,9912494.66,,105014.41,4577122.78,14295387,21599145038,94
2023,Washington,state,502,462,40,24,21,3,13,12,1,8,2295369.58,1200,,367762.86,1926406.72,9859549,19498539690,55
2023,West Virginia,state,183,170,13,8,5,3,12,11,1,14,1311704.57,74377.31,,5196.58,1232130.68,2377529,5690158919,25
2023,Wisconsin,state,143,132,11,7,7,0,5,2,3,3,7139695,381518,,13632,6744545,1716499,12532534415,10
2023,Wyoming,state,49,43,6,0,0,0,0,0,0,1,604586.38,0,,0,604586.38,488861,777634001,4
2024,Alabama,state,36,25,11,3,3,0,0,0,0,7,482403.25,0,,482403.25,0,1637160.92,8402246395,7
2024,Alaska,state,188,168,20,13,13,0,3,3,0,2,239448.06,182384.29,,57063.77,0,1972546.71,2903998205,12
2024,Arizona,state,256,238,18,91,82,9,41,33,8,4,74611715.82,74442513.62,,159413.50,9788.70,5370868.91,20388207470,33
2024,Arkansas,state,186,128,58,24,16,8,35,17,18,15,3114222.64,385250.47,,213816.98,2515155.19,3973339.71,8313192411,22
2024,California,state,1089,724,365,52,32,20,48,40,8,17,583830457.43,512894076.50,,66178632.48,4757748.45,69208433.41,157098115172.10,270
2024,Colorado,state,293,280,13,3,3,0,1,1,0,14,3914483.34,1831.52,,3215813.72,696838.10,4317938.39,14674282245,25
2024,Connecticut,state,159,153,6,9,9,0,15,14,1,11,6463993.63,3806783.47,,50818.46,2606391.70,3025704.61,11295095591,13
2024,Delaware,state,256,220,36,14,4,10,14,4,10,5,10781129.38,21600.27,,36988.88,10722540.23,2715977.27,3340013477,18
2024,District of Columbia,district,68,55,13,15,11,4,10,6,4,1,18228183.85,18222788.01,,0,5395.84,3476776.44,4371805614,20
2024,Florida,state,677,580,97,65,55,10,58,48,10,17,76220595.13,69477756.13,,1739348.18,5003490.82,21343781.69,35906458788,141
2024,Georgia,state,428,416,12,7,4,3,6,3,3,20,86841410.54,732376.08,,38776079.54,47332954.92,6271433.71,15577343261,46
2024,Hawaii,state,481,374,107,0,0,0,0,0,0,1,10340.80,5720.95,,2759.74,1860.11,2339255.39,3235615999,13
2024,Idaho,state,188,186,2,1,1,0,3,3,0,3,1146717.23,350624.68,,796092.55,0,1120010.35,4050629368,8
2024,Illinois,state,467,300,167,21,17,4,38,38,0,10,1861477.76,543755.02,,899237.30,418485.44,6647049.38,33747393898,39
2024,Indiana,state,979,667,312,38,27,11,54,46,8,8,3292362.95,2807689.44,,180640.17,304033.34,8593822.37,20020602077,59
2024,Iowa,state,279,239,40,34,7,27,25,10,15,6,2216803.50,126642.11,,46158.39,2044003,1227190.24,8873891969,9
2024,Kansas,state,166,136,30,16,9,7,21,15,6,5,146967.66,67622.46,,70182.85,9162.35,2172864.38,5412711075,17
2024,Kentucky,state,242,210,32,21,8,13,18,14,4,16,30378269.67,14053195.75,,416759.78,15908314.14,4954230.16,18302226947,32
2024,Louisiana,state,529,398,131,48,27,21,41,22,19,7,63582815.76,53899712.94,,94653.45,9588449.37,8925148.60,17179873718,63
2024,Maine,state,58,35,23,8,4,4,7,1,6,4,236304.29,19129.95,,217174.34,0,1842715.21,4731878956,10
2024,Maryland,state,374,337,37,9,4,5,13,5,8,13,18897116.38,10669716.51,,5977185.60,2250214.27,6916159.79,18454924113,42
2024,Massachusetts,state,616,570,46,23,20,3,13,11,2,21,19795696.44,581270.49,,80668.29,19133757.66,7303491.39,26192755044,43
2024,Michigan,state,489,416,73,15,8,7,13,8,5,16,4767761.93,328485.43,,381434.95,4057841.55,7092157.03,25357658261,34
2024,Minnesota,state,220,208,12,58,58,0,36,36,0,5,16672513.15,1622205.53,,129068.14,14921239.48,4756833.33,19328609948,28
2024,Mississippi,state,370,105,265,23,7,16,33,5,28,6,9254549.72,6470913.48,,76563.76,2707072.48,4220119,7356967378,30
2024,Missouri,state,392,314,78,32,31,1,36,36,0,9,5148281.38,1048209.09,,290536.26,3809536.03,2496662.38,16445334330,22
2024,Montana,state,56,49,7,7,7,0,7,7,0,12,11539344.46,95288.06,,9535.88,11434520.52,1058040.95,2504417999,7
2024,Nebraska,state,83,53,30,7,5,2,4,2,2,9,1340795.98,601379.25,,45838.11,693578.62,1352423.27,3839619333,9
2024,Nevada,state,325,303,22,49,48,1,30,27,3,5,7108542.26,6853956.10,,71516.65,183069.51,3505034.41,6175562821,20
2024,New Hampshire,state,70,67,3,9,9,0,7,6,1,4,143541.83,114344.93,,26928.22,2268.68,1013239.97,2621947677,7
2024,New Jersey,state,159,128,31,9,8,1,21,13,8,8,9820191.73,6637205.55,,76198.02,3106788.16,7628776.09,24217228219,32
2024,New Mexico,state,353,322,31,5,1,4,2,2,0,10,88380.79,9067.44,,39871.35,39442,3666259.98,8490310931,25
2024,New York,state,510,436,74,10,9,1,19,17,2,40,59913804.73,25743.75,,292816.32,59595244.66,56650719.76,98177794119,262
2024,North Carolina,state,369,362,7,5,5,0,5,5,0,13,21021953.10,10031949.94,,276039.27,10713963.89,7219896.24,30213413903,51
2024,North Dakota,state,71,65,6,4,4,0,0,0,0,3,160714.78,0,,10714.78,150000,1191941.49,1526106243,9
2024,Ohio,state,1010,794,216,113,69,44,129,80,49,47,17106840.87,16036671.13,,295597.94,774571.80,16932095.93,35202561948,105
2024,Oklahoma,state,442,325,117,5,2,3,15,4,11,5,711120.86,289195.73,,75263.39,346661.74,4286464.69,9324676370,26
2024,Oregon,state,92,79,13,17,12,5,14,10,4,7,5199568.59,2262470,,71644.82,2865453.77,4521535.90,16993042692,19
2024,Pennsylvania,state,720,592,128,119,113,6,74,66,8,6,11325616,11037022.85,,257591.94,31001.21,12865019.20,44432259542,75
2024,Puerto Rico,territory,73,53,20,6,3,3,7,3,4,5,1446349.09,144860.19,,0,1301488.90,1235908.33,4892795357,15
2024,Rhode Island,state,134,109,25,17,8,9,2,0,2,4,168007.41,0,,155349.13,12658.28,1244089.90,3724826196,9
2024,South Carolina,state,181,70,111,23,5,18,40,12,28,8,11869014.35,10940929.45,,224412.66,703672.24,2840646.47,10239545186,20
2024,South Dakota,state,145,60,85,10,3,7,8,3,5,9,1056789.29,421897.02,,27014.57,607877.70,818693.89,1600448228,9
2024,Tennessee,state,209,165,44,40,25,15,26,15,11,9,26749052.33,5245923.26,,122439.12,21380689.95,10819400.48,14345332011,58
2024,Texas,state,723,685,38,133,98,35,78,70,8,5,111800768.86,109156332.27,,1676684.15,967752.44,25118839.16,49398376058,150
2024,U.S. Virgin Islands,territory,15,15,0,0,0,0,1,1,0,1,235084.61,2739.28,,232345.33,0,444686.24,138552427,4
2024,Utah,state,144,102,42,16,5,11,17,2,15,5,3995367.62,912485.08,,43254.45,3039628.09,4047287,5104329509,19
2024,Vermont,state,95,44,51,16,11,5,18,13,5,3,583668,115552,,8926,459190,1699488,2336362561,9
2024,Virginia,state,299,297,2,47,46,1,16,15,1,8,4796455.09,3532257.28,,225303.05,1038894.76,15296222.88,22354412784,92
2024,Washington,state,499,473,26,13,12,1,19,17,2,6,4244633.49,3025827.92,,1124568.83,94236.74,11567318.09,21318488278,57
2024,West Virginia,state,214,201,13,4,3,1,5,4,1,10,12505242.43,976335.24,,799988.51,10728918.68,2449268.84,5110871376,23
2024,Wisconsin,state,154,142,12,3,2,1,5,4,1,3,236162,112807,,123355,0,1884029.35,12770801034,11
2024,Wyoming,state,57,55,2,0,0,0,0,0,0,5,767643.97,0,,43930.76,723713.21,543642.58,830736672,4
2025,Alabama,state,38,28,10,5,5,0,6,6,0,4,2931852.82,2234237.67,,697615.15,0,1529686,8374093705,7
2025,Alaska,state,103,76,27,17,17,0,8,8,0,4,1188457.61,1015233.51,,138610.26,34613.84,1922364,3243857563,12
2025,Arizona,state,150,121,29,70,66,4,51,43,8,7,49346658.50,47181569.49,,2096368.10,68720.91,5933688,22057222999,31
2025,Arkansas,state,257,163,94,43,23,20,29,19,10,26,3548244.54,1311437.02,,223496.65,2013310.87,3927409,8916484909,23
2025,California,state,1052,786,266,83,56,27,43,33,10,25,102126213.24,70890260.71,,7384463.75,23851488.78,74421308,173402740079,290
2025,Colorado,state,301,282,19,2,0,2,4,2,2,18,57952277.93,192306.51,,57367862.96,392108.46,4714737,16491671590,24
2025,Connecticut,state,166,159,7,10,10,0,6,6,0,10,6863359.18,2776573.26,,1852199.39,2234586.53,2913997,11700323441,13
2025,Delaware,state,241,204,37,11,3,8,14,4,10,5,619300.30,72019.93,,500211.63,47068.74,2784035,3400556094,17
2025,District of Columbia,district,64,54,10,5,3,2,6,2,4,3,289914.83,214684.97,,75229.86,0,3099067,4294051819,19
2025,Florida,state,652,546,106,47,35,12,82,68,14,17,107607791.86,96888297.84,,9975061.07,744432.95,22670000,39343020827,137
2025,Georgia,state,451,438,13,9,8,1,8,6,2,22,46517386.12,935196.30,,4125710.22,41456479.60,6452683,19692323128,43
2025,Hawaii,state,484,388,96,0,0,0,0,0,0,11,453950.81,0,,366662.96,87287.85,2723324,3179232183,14
2025,Idaho,state,145,143,2,5,5,0,2,2,0,8,900756.39,6251.75,,532928.13,361576.51,1293821,4166928923,10
2025,Illinois,state,452,276,176,30,27,3,21,20,1,19,18234544.79,2459775.36,,5547341.49,10227427.94,10402644,36162720636,46
2025,Indiana,state,951,633,318,42,38,4,37,28,9,19,144624717.84,564914.69,,1938190.82,142121612.33,8992920,20451801865.63,56
2025,Iowa,state,275,231,44,42,20,22,37,8,29,10,2356291.18,128230.30,,1054068.56,1173992.32,1359821,8730795511,10
2025,Kansas,state,89,73,16,9,7,2,5,2,3,2,369231.23,258745.79,,110485.44,0,2219809,6499395021,16
2025,Kentucky,state,201,172,29,20,18,2,10,7,3,18,22037515.90,1009951.21,,4634546.33,16393018.36,5098879,20474891648,32
2025,Louisiana,state,580,472,108,28,13,15,60,44,16,18,17067306.55,12609490.16,,244072.26,4213744.13,9951037,15800467858,71
2025,Maine,state,49,30,19,2,0,2,3,0,3,6,343479.02,1000,,342479.02,0,1919296,5202740853,10
2025,Maryland,state,378,330,48,9,5,4,7,3,4,11,3353448.55,23911.55,,2192593.24,1136943.76,8520996,18707422995,46
2025,Massachusetts,state,492,449,43,27,26,1,21,19,2,31,139892852.19,108753658.63,,4047924.28,27091269.28,7595661,28725529750,39
2025,Michigan,state,489,427,62,16,9,7,19,10,9,27,17319947.35,186664.32,,3718852.18,13414430.85,6798542,27306729224,33
2025,Minnesota,state,202,187,15,50,49,1,38,36,2,8,24489409.04,3347296.60,,2564056.02,18578056.42,3029997,21425262865,31
2025,Mississippi,state,352,113,239,31,7,24,41,5,36,7,1171831.11,152249.02,,1018158.69,1423.40,4206137,7708650323,35
2025,Missouri,state,434,354,80,26,25,1,34,33,1,14,4507016.45,1730776.11,,1759670.11,1016570.23,2961340,17112335013,21
2025,Montana,state,51,48,3,7,6,1,1,1,0,8,711088.63,64642.93,,187570.88,458874.82,930818,2633116628,9
2025,Nebraska,state,69,51,18,1,0,1,7,6,1,7,1230809.55,206046.39,,158621.08,866142.08,1374481,4371961508,11
2025,Nevada,state,327,314,13,27,25,2,36,35,1,13,18522530.30,15775258.27,,2068933.89,678338.14,3212939,7313148496,20
2025,New Hampshire,state,53,49,4,2,1,1,7,6,1,5,356807.56,98113.60,,124249.01,134444.95,1015483,3067222160,6
2025,New Jersey,state,184,149,35,20,9,11,9,7,2,24,30779902.23,5670,,2170952.12,28603280.11,6971759,25938962820,39
2025,New Mexico,state,354,331,23,15,7,8,8,2,6,10,4939984.86,38278.31,,892790.58,4008915.97,4327657,10469835269,25
2025,New York,state,419,354,65,9,7,2,26,25,1,54,110479748.54,1666606.48,,19903766.11,88909375.95,60127440,102699327635,272
2025,North Carolina,state,370,360,10,5,3,2,7,5,2,11,16642399.22,8398952.81,,1000246.88,7243199.53,8700660,34499338580,57
2025,North Dakota,state,79,59,20,5,4,1,3,2,1,6,1873182.81,1542974.94,,22528.85,307679.02,1335345,1779879134,8
2025,Ohio,state,1058,797,261,149,93,56,108,64,44,38,25781577.92,20691155.94,,1820592.14,3269829.84,18598752,38633859310,106
2025,Oklahoma,state,391,316,75,21,15,6,17,9,8,12,2902279.96,630472.93,,650165,1621642.03,3913945,10764531356,29
2025,Oregon,state,76,69,7,12,11,1,6,2,4,13,13651360.76,25184.47,,544317.77,13081858.52,4761446,18871621324,20
2025,Pennsylvania,state,644,535,109,115,109,6,115,107,8,9,41102003.33,34871054.96,,4366914.96,1864033.41,12669975,49525316416,72
2025,Puerto Rico,territory,84,59,25,2,2,0,5,2,3,12,1320692.35,68801.54,,9376.44,1242514.37,1161430,4869537105,15
2025,Rhode Island,state,131,115,16,7,1,6,8,2,6,6,1582526.60,29490.73,,1550949.75,2086.12,1306842,4293750650,10
2025,South Carolina,state,169,70,99,43,19,24,30,6,24,10,22100695.93,665807.40,,993422,20441466.53,3722700,10266023300,23
2025,South Dakota,state,142,62,80,3,1,2,14,6,8,2,225578.04,208477.40,,5833.38,11267.26,1011812,1863929509,9
2025,Tennessee,state,206,162,44,36,18,18,28,18,10,10,16738706.73,7169308.16,,2191053.87,7378344.70,12695439,17782976844,64
2025,Texas,state,652,601,51,197,156,41,80,75,5,9,151926473.65,147359876.43,,2788299.67,1778297.55,27581869,54954650308,146
2025,U.S. Virgin Islands,territory,27,25,2,0,0,0,0,0,0,1,1171.06,0,,1171.06,0,175048,104693756,5
2025,Utah,state,139,103,36,15,2,13,8,3,5,8,2727899.17,1877420.36,,90203.81,760275,4250065,5320171956,22
2025,Vermont,state,96,45,51,12,8,4,12,7,5,5,3052717,146127,,30607,2875983,1709830,2425399608,9
2025,Virginia,state,265,262,3,75,55,20,32,29,3,20,671436386.89,662846838.61,,809154.65,7780393.63,15504864,23020073906,95
2025,Washington,state,515,474,41,15,15,0,16,15,1,12,45117253.27,839365.64,,40320157.99,3957729.64,13876463,23122567069,61
2025,West Virginia,state,181,175,6,0,0,0,4,2,2,7,1829578.50,23128.50,,596682.66,1209767.34,2722613,5872002604,22
2025,Wisconsin,state,126,120,6,16,13,3,5,5,0,6,1918593,8118,,1910475,0,2237204,13822805529,14
2025,Wyoming,state,65,62,3,5,5,0,1,1,0,6,1525358.07,416577,,86546.21,1022234.86,632223,846575653,4
