fiscal_year,jurisdiction,total_medicaid_expenditures,mfcu_grant_expenditures,total_recoveries,staff_on_board
2013,Alabama,5216155508,1110348.56,16206581.97,8
2013,Alaska,1446189444,1156792.21,1093135.83,8
2013,Arizona,8669976278,2408103.01,1099666.41,21
2013,Arkansas,4428390909,2211756.15,14622465.48,21
2013,California,66056757855,30260728.38,57748650.12,172
2013,Colorado,5314867064,2046626.88,8131661.57,16
2013,Connecticut,6723113621,1629583.09,28228260.78,11
2013,Delaware,1655387071,1877814.08,398817.22,17
2013,Florida,19180703866,14179445.78,40878717.82,151
2013,Georgia,9359038151,4029111,28881717.63,42
2013,Hawaii,1696678001,1288535.16,4537669.87,13
2013,Idaho,1761758211,695462.56,6553492.91,7
2013,Illinois,16536234179,9541211.16,60041822.01,58
2013,Indiana,8367085690,5236624,28246063.87,52
2013,Iowa,3805810851,1040525,10717543.20,9
2013,Kansas,2720787284,1514339.11,23438027.48,15
2013,Kentucky,5931446503,2608933.89,39547875.72,28
2013,Louisiana,7181407383,4863800.27,187601191,52
2013,Maine,2959349126,700450.77,7403483.41,6.50
2013,Maryland,8052966208,2839745.76,22331246.36,28
2013,Massachusetts,13687392762,5271067,29607993.29,43
2013,Michigan,12970899451,4882449.49,24496893.16,33
2013,Minnesota,9343811915,1464767.33,14988004.04,14
2013,Mississippi,4879175168,3087424,27809117.60,35
2013,Missouri,9209870025,1984422.71,47764282.06,20
2013,Montana,1076709165,654446.82,985871.37,8
2013,Nebraska,1906330745,770565.87,8593146.34,8
2013,Nevada,1918533349,1904688.64,6261358.48,16
2013,New Hampshire,1292037438,523159.65,3663350.94,6
2013,New Jersey,11143784058,4579682.87,33887934.39,35
2013,New Mexico,3471930215,1827905.08,2017386.44,17
2013,New York,54192911238,45054451,134493521.82,300
2013,North Carolina,12463184143,5357886.03,47052648.87,48
2013,Ohio,17237076852,7344992.26,45628255.47,77
2013,Oklahoma,4752126532,1986667,28399563.73,22
2013,Oregon,5600397595,1806514.69,15151849.81,14.50
2013,Pennsylvania,21698977826,4730372.33,30729119.67,33
2013,Rhode Island,2018428048,1184944.38,4381891.74,11
2013,South Carolina,4921639527,1451005.76,19983522.26,15
2013,South Dakota,820357642,384175.57,3053873.46,5
2013,Tennessee,9022143146,3990162.19,78870738.99,32
2013,Texas,29086162849,15582973.37,196718960.26,181
2013,Utah,2229362038,1817277.48,7989088,13
2013,Vermont,1499744254,987268.31,5507996.31,7
2013,Virginia,7604993529,11249106.19,1008988889.68,96
2013,Washington,8407111070,3596829,16562703.65,30.50
2013,West Virginia,3181083472,1112517.86,16148738.40,14
2013,Wisconsin,7390660088,1274531.12,54757244,11
2013,Wyoming,594690624,489024.26,1623271.63,4
2014,Alabama,5454050260,1253192.56,17988911.38,10
2014,Alaska,1546569264,1105990.03,644325.57,8
2014,Arizona,9452683998,2316273.90,1876381.38,20
2014,Arkansas,5154278818,2454099.72,2228764.66,22
2014,California,68248444914,26158835.03,77622974.52,193
2014,Colorado,6265152763,1615524.84,9999945.37,17
2014,Connecticut,7167946629,1989924.12,3030886.46,13
2014,Delaware,1805108123,1944099.15,1949633.53,17
2014,Florida,20818233200,15506673.66,91881130.81,161
2014,Georgia,9858134878,4523319.47,48703251.01,46
2014,Hawaii,2049769576,1301425.29,3079615.23,13
2014,Idaho,1692361521,656936.78,801857.53,8
2014,Illinois,17726308920,7719034.17,90872897.09,45
2014,Indiana,9600134668,6119574,54591556.99,55
2014,Iowa,4110153654,1020053.20,24403657.64,8
2014,Kansas,2933837600,1330521.73,27437135.25,14
2014,Kentucky,8017227454,2989940.10,66222772.25,28
2014,Louisiana,7337796633,5134743.68,245305060,52
2014,Maine,2528826380,728261.61,9776295.20,8
2014,Maryland,9625821402,3510342,41493941.04,31
2014,Massachusetts,14952760958,5470721,59771098.02,41
2014,Michigan,14147522772,5392508.51,46562340.96,33
2014,Minnesota,10429856324,1539616.87,18518275.21,16
2014,Mississippi,5016224369,3318064,17314765.90,33
2014,Missouri,9238680706,2047671.44,8224673.47,21
2014,Montana,1146046567,721553.25,438209.11,8
2014,Nebraska,1907477721,881048.80,10058619.95,9
2014,Nevada,2431932881,1887577.46,11292356.58,18
2014,New Hampshire,1420746975,724113.05,4409810.30,7
2014,New Jersey,13193930655,4442399.61,45632565.79,31
2014,New Mexico,4349892086,1851072.67,9389207.60,18
2014,New York,53915930694,45814464.43,378434543,294
2014,North Carolina,12655046228,5190480.80,72432176.86,44
2014,Ohio,20223303745,8830152.53,71168788.50,89
2014,Oklahoma,4925190754,2391463,18420992.06,22
2014,Oregon,7291147501,2067043.64,17025308.47,15.50
2014,Pennsylvania,24414853435,5352554.37,5707431.30,44
2014,Rhode Island,2566378392,1192427.99,3677355.38,11
2014,South Carolina,5596632601,1426802.68,27403805.39,16
2014,South Dakota,840849947,409564,3853755.60,5
2014,Tennessee,9654242145,4053210.93,62298836.50,35
2014,Texas,32831310090,16502689.27,106075376.19,175
2014,Utah,2234539587,1830431.32,23725403,13
2014,Vermont,1570053514,850205.92,976625.85,7
2014,Virginia,7980183305,11757417.96,64743020.95,93
2014,Washington,7522374478,3905815,24073513.49,32
2014,West Virginia,3488266696,1267131.57,19608914.14,21
2014,Wisconsin,7783215463,1359678.77,49010312,12
2014,Wyoming,594519949,485828.73,1516673.20,4
2015,Alabama,5495672054,1357240.37,5072877.99,10
2015,Alaska,1223950911,1279524.63,2463747.85,10
2015,Arizona,10895032291,2811988.13,2358072.31,20
2015,Arkansas,5852914637,2460200.26,2237104.80,20
2015,California,90614357683,32138721.04,57902898.55,182
2015,Colorado,7687605872,1651017.67,4707134.76,16
2015,Connecticut,7597012987,2108289.10,2027005.84,12
2015,Delaware,2023509108,1893364,1093390.28,16
2015,Florida,21909678011,16910095.30,57665128.62,160
2015,Georgia,10245084441,4804982.44,16316307.76,42
2015,Hawaii,2076761775,1317826.87,2385140.31,14
2015,Idaho,1819959694,873359.08,796796.34,9
2015,Illinois,17963860929,7622226.52,16902136.39,41
2015,Indiana,9721569345,5916915.29,28192406.62,60
2015,Iowa,4672288367,1074819,10799277.81,10
2015,Kansas,3193745137,1192686.80,4596228.24,13
2015,Kentucky,9666336070,3393619.19,2904550.93,29
2015,Louisiana,8152272103,5263527.13,17905243,50
2015,Maine,2620426632,764428.85,1203259.28,7
2015,Maryland,9881703513,3697013.76,4463044,30
2015,Massachusetts,16164091522,5364610,17572910.47,45
2015,Michigan,16561360132,5630862.10,6345522.67,32
2015,Minnesota,11294848324,1765978.98,1985577.03,19
2015,Mississippi,5313720236,3473671,14838348.02,35
2015,Missouri,9868941095,2345934.40,12092209.55,23
2015,Montana,1208709907,825258.59,220966.22,7
2015,Nebraska,1973545225,894436.73,671714.86,9
2015,Nevada,3265706343,1932570.96,5344240.46,19
2015,New Hampshire,1840725765,780463.81,486834.66,8
2015,New Jersey,14829609984,3867591.01,3192822.18,28
2015,New Mexico,5083042074,2124374.36,351475.20,19
2015,New York,59681117761,47301283,63347458.37,281
2015,North Carolina,13878014268,5350038.33,23127932.77,49
2015,Ohio,22283505297,10109229.24,18739231.85,94
2015,Oklahoma,4948050867,2481047,7051061.99,24
2015,Oregon,8568555342,2220932.62,597387.18,15
2015,Pennsylvania,24099877747,6106399.73,11702515.05,46
2015,Rhode Island,2729259438,1204591.75,535729.18,12
2015,South Carolina,6027888585,1659501.09,2691882.93,15
2015,South Dakota,860846154,423692,189827.45,5
2015,Tennessee,9506550239,4478991.64,39972847.64,36
2015,Texas,36147676703,17634003.37,210086663,161
2015,Utah,2300014634,1873604.23,6229191,13
2015,Vermont,1666066978,858283.45,213572,7
2015,Virginia,8510779754,11091981.55,11377867.93,100
2015,Washington,11074882616,4159243,5979072.66,35
2015,West Virginia,3835749849,1417821.41,2357065.10,18
2015,Wisconsin,8212122596,1512865.30,33550932,13
2015,Wyoming,621092843,475173.63,44447.95,4
2016,Alabama,5657488854,1379110.89,17034540.56,8
2016,Alaska,1929110081,1394058.06,3093089.09,10
2016,Arizona,11343767402,2770174.03,10525171.97,21
2016,Arkansas,6337245143,2437991.92,9266817.08,16
2016,California,86608583280,32469156.35,136201028.20,185
2016,Colorado,8289970721,2178699.12,14617469.88,14
2016,Connecticut,7790671895,2135726.26,20786362.71,11
2016,Delaware,2003364878,1989706.11,2012899.57,16
2016,Florida,22457578621,17316568.43,165545717.54,156
2016,Georgia,10283904205,4719262.26,31571209.76,44
2016,Hawaii,2271886352,1622502.28,1856104.14,14
2016,Idaho,1794759439,833297.08,2655165.53,7
2016,Illinois,20172293337,7137131.01,35478915.47,41
2016,Indiana,10901014576,6484688.25,36928400.57,58
2016,Iowa,4914249752,1133997.38,10656073.36,10
2016,Kansas,3421881490,1337183.28,9274992.24,14
2016,Kentucky,9893628407,3415841.87,47635512.82,30
2016,Louisiana,8837228184,5710826.44,40374660,54
2016,Maine,2636443851,910641.36,24387068.48,8
2016,Maryland,10819233860,3843664.37,10396358.71,33
2016,Massachusetts,17865505404,5394276,82844081.63,40
2016,Michigan,17438676650,5053298.80,32312718.31,32
2016,Minnesota,11544958884,2367286.76,26129644.93,24
2016,Mississippi,5563413438,3406068,19821843.83,35
2016,Missouri,10201941673,2215565.57,13494876.21,24
2016,Montana,1446698958,679021.03,1593763.19,6
2016,Nebraska,2092993865,934566.63,19443143.22,9
2016,Nevada,3520421319,2093049.97,2389470.66,19
2016,New Hampshire,2076589333,770510.46,2058998.72,8
2016,New Jersey,15080356828,3899420.07,47320817.76,35
2016,New Mexico,5537037048,2190670.51,6205202.93,21
2016,New York,62909519309,47018833,228866107.30,298
2016,North Carolina,12821165394,5944944.05,80416129.29,51
2016,Ohio,22485693773,11278342.59,64010493.16,94
2016,Oklahoma,4698727448,2433433.77,21469406.63,23
2016,Oregon,8814205907,2380639.14,10312943.89,16
2016,Pennsylvania,28220307793,7415937.35,42140799.87,46
2016,Rhode Island,2626681914,1326222.62,6373535.32,12
2016,South Carolina,6230510941,1704531.45,16495835.27,16
2016,South Dakota,875472076,438342.80,2319912.26,5
2016,Tennessee,9928469426,4828604.12,105835520.75,36
2016,Texas,41068187142,18832569.54,128257249.23,165
2016,Utah,2251931573,2056784.58,10033408,13
2016,Vermont,1768236337,928834.98,7907487,7
2016,Virginia,8927198595,11445452.13,33889092.92,92
2016,Washington,11458035943,4534668,55306210.80,36
2016,West Virginia,3813616346,1257636.87,5271731.59,16
2016,Wisconsin,8026421926,1342631.19,81071820,12
2016,Wyoming,637273743,493573.76,1435972.75,4
2017,Alabama,5799830460,1256505.53,1105393.94,9
2017,Alaska,2083665781,1524623.56,179177.22,12
2017,Arizona,12100681031,3308088.23,13369938.39,23
2017,Arkansas,6763173651,2233870.84,2849935.82,21
2017,California,88664592580,39075822.72,97582606.56,206
2017,Colorado,8186563706,2281978.63,1874893.87,16
2017,Connecticut,7820846438,2257034.87,13978321.84,11
2017,Delaware,2260921363,2059328.02,2506020.26,18
2017,Florida,23922618501,17456833.20,95012845.05,158
2017,Georgia,10651082478,5024484.08,529713373.45,45
2017,Hawaii,2447902930,1694351.30,1665860.87,15
2017,Idaho,1929225434,801511.63,1819661.11,8
2017,Illinois,16064148838,7816290.06,27819728.22,45
2017,Indiana,11640235955,6529209.25,24167626.40,54
2017,Iowa,4241347370,1083914.97,4794433.63,8
2017,Kansas,3428196561,1447929.27,2461977.64,15
2017,Kentucky,9781447988,3509043.22,25473342.02,30
2017,Louisiana,11254127721,7179440,16825151,67
2017,Maine,2734525913,906905.77,3171102.01,9
2017,Maryland,11610123766,4373661.43,4552786.48,35
2017,Massachusetts,18147855201,5649679,10154847.57,41
2017,Michigan,17365499168,3725402.01,7171551.74,31
2017,Minnesota,12081776986,2702822.24,6930718.88,28
2017,Mississippi,5677039303,3268870,9405719.67,36
2017,Missouri,10527739876,2351268.54,25613919.37,24
2017,Montana,1866570114,824173.52,532900.66,8
2017,Nebraska,2164504143,989888.17,2091963.56,10
2017,Nevada,3716635489,2127046.84,4002525.90,17
2017,New Hampshire,2163399761,761236.54,738734.37,7
2017,New Jersey,15565737636,3966531.98,6862005.44,30
2017,New Mexico,5020119695,2681855.90,1712900.35,23
2017,New York,78563137293,49583121.29,132095792.05,299
2017,North Carolina,14011600177,6084052.12,30577962.91,49
2017,Ohio,23988555231,12111876.29,25805602.45,95
2017,Oklahoma,4839553798,2265247,4140006.88,28
2017,Oregon,8826395049,2543190.40,8143439.04,15
2017,Pennsylvania,29083711619,8293636.06,13767733.34,62
2017,Rhode Island,2786350493,1391749.12,603039.66,12
2017,South Carolina,6268421251,1554841.92,13229597.47,15
2017,South Dakota,902719239,437121.41,180720.08,4
2017,Tennessee,9661478672,4739840.68,18270732.06,38
2017,Texas,37152558007,21751951.87,534055130.52,164
2017,Utah,2589750289,2073402.81,934994,13
2017,Vermont,1742676601,1009972.30,7264139,8
2017,Virginia,9458031224,10960875.43,30422785.13,91
2017,Washington,12606903927,4787022,2885264.30,37
2017,West Virginia,4157807522,1159292.12,5769428.26,11
2017,Wisconsin,8503112507,1481973.82,24336396,13
2017,Wyoming,648699099,467505.59,614032.90,4
2018,Alabama,5768025506,1315157.44,7827694.49,10
2018,Alaska,2196000353,1737871.62,2703915.69,12
2018,Arizona,12406620828,3482650.06,11973830.19,27
2018,Arkansas,6709044022,2377754.21,6639874.10,21
2018,California,88895768297,44507337.13,15373634.78,205
2018,Colorado,9337178911,2373031.08,6797290.86,15
2018,Connecticut,8570841507,2246843.21,6497861.34,12
2018,Delaware,2327046971,2059739.24,2373578.61,17
2018,Florida,23747162235,18661080.55,69215336.58,151
2018,Georgia,11398504876,4810189.63,27184014.74,44
2018,Hawaii,2311151261,2168237.35,754357.33,16
2018,Idaho,2024439472,928206.19,370510.31,9
2018,Illinois,23112241735,7815423.84,6429593.76,42
2018,Indiana,11796378211,6639937.69,22936756.77,58
2018,Iowa,4992488405,1066129.74,4752976.80,9
2018,Kansas,3603034923,1634665.60,282381.02,15
2018,Kentucky,10114058416,3495480.05,31611155.07,29
2018,Louisiana,11222709411,7303057.48,11019438.89,67
2018,Maine,2841007872,1076956.27,1647681.86,9
2018,Maryland,11867520808,4344751.29,15508772.66,34
2018,Massachusetts,18699858030,5810593,44691804.78,42
2018,Michigan,17085638296,5114490.51,24596798.97,30
2018,Minnesota,13130373020,2863917.13,8428634,26
2018,Mississippi,5443612233,3526284,12104380.88,34
2018,Missouri,10709689095,2305744.16,2965595.25,22
2018,Montana,1920831782,825481.33,1252900.04,8
2018,Nebraska,2234101910,1046918.22,2803669.33,10
2018,Nevada,4127315581,2003056.21,5485042.47,16
2018,New Hampshire,2273337486,775114.55,1017724.86,8
2018,New Jersey,15706565267,3722721.43,24011340.94,26
2018,New Mexico,5332964484,2513182.99,3941930.24,21
2018,New York,75262657182,54691330.84,61709155.97,304
2018,North Carolina,14060675775,5588968.81,38494795.76,41
2018,Ohio,22694958437,12274547.42,32404737.51,97
2018,Oklahoma,4659329936,2465829,8727496.88,26
2018,Oregon,9382904731,2934088.93,891325.78,17
2018,Pennsylvania,30758314287,9107567.31,22306796.60,58
2018,Rhode Island,2783542978,1373714.09,3408544.88,11
2018,South Carolina,6357022896,1362868.85,16455698.04,16
2018,South Dakota,913990729,420013.67,1125284.65,5
2018,Tennessee,10301164426,4968913.62,50942916.91,38
2018,Texas,38962764740,22894422.83,182511442.36,172
2018,Utah,2578963871,2092903,982072,13
2018,Vermont,1769804444,1043428.68,2431252,9
2018,Virginia,9934971320,11525763.60,14112278.09,86
2018,Washington,12827331385,5205464,12343705.27,36
2018,West Virginia,3996923158,1006092.06,1913941.59,13
2018,Wisconsin,9180255127,1484562.53,12568848,13
2018,Wyoming,669181828,457082.35,2909976.80,4
2019,Alabama,6096457566,1392417.67,8229347.97,10
2019,Alaska,2243669019,1671222.64,2609761,12
2019,Arizona,13482090704,3949181.56,7541097.83,27
2019,Arkansas,7243622415,2676551.20,5335184.54,22
2019,California,94100410374,44861807.10,54573806.52,199
2019,Colorado,9526143614,2166337.93,22837463.33,16
2019,Connecticut,8530550005,2418252.52,8561937.22,13
2019,Delaware,2346881663,2197955.92,6749580.93,17
2019,Florida,25128795104,17734741.21,81248447.63,149
2019,Georgia,11430130311,4797058.25,13086030.78,40
2019,Hawaii,2280727854,2181841.50,4523470.09,16
2019,Idaho,2266387357,927043.10,1983968.24,9
2019,Illinois,19359536579,8004722.08,146283349.91,44
2019,Indiana,12994381229,7642679.59,16417013.84,58
2019,Iowa,5352358555,1224729.09,3527889.70,8
2019,Kansas,3799701074,1584083.66,4756685.96,16
2019,Kentucky,10510327124,3536582.60,26333549.02,30
2019,Louisiana,12047327141,7627551.14,17967360.29,64
2019,Maine,3018999938,1176066.15,207565.36,9
2019,Maryland,12254470541,4646294.61,7019613.67,39
2019,Massachusetts,18639531025,5400900,23271440.68,38
2019,Michigan,18989101820,5655914.73,7002961.96,30
2019,Minnesota,13518929211,3234446.61,13090914.49,26
2019,Mississippi,5681438980,3467753,2532776.43,37
2019,Missouri,10910423751,2369439.56,28131754.26,24
2019,Montana,1952049204,838729.26,712384.56,7
2019,Nebraska,2265518681,1154465.92,3163720.07,10
2019,Nevada,4179456063,2447237.89,9685725.05,17
2019,New Hampshire,2127338051,857822.41,772524.22,8
2019,New Jersey,16850013509,3976715.15,9710267.54,30
2019,New Mexico,5491501664,2829421.55,1373807.14,21
2019,New York,60209122828,51800854.76,68147253.35,293
2019,North Carolina,14386105626,5143054.65,32661955.92,44
2019,Ohio,24509097994,13009113.01,31268289.32,97
2019,Oklahoma,4964532785,2349293.05,17257749.38,25
2019,Oregon,9938323199,2974379.77,1391582.08,14
2019,Pennsylvania,32960926112,9871366.92,4734602.12,68
2019,Rhode Island,2765235479,1197511.29,702204.29,10
2019,South Carolina,6679680576,1709809.41,3390937.45,16
2019,South Dakota,949408952,458162.73,464043.69,5
2019,Tennessee,10784219341,5366355.85,48499105.77,41
2019,Texas,41485923108,23810780.36,155988735.44,164
2019,Utah,2901053155,2135412,3610942,11
2019,Vermont,1802147573,1016671,1279198,8
2019,Virginia,5230112639,12427380,949535331.85,96
2019,Washington,10545245320,7245808,10715081.14,51
2019,West Virginia,4109125440,1198608.41,19552517.66,13
2019,Wisconsin,9525056580,1675894.61,28697472.44,12
2019,Wyoming,661612272,377147.07,6769167.46,3
2020,Alabama,6310773261,1450807,4873356,10
2020,Alaska,2188557009,1895090,3464347,12
2020,Arizona,14671982216,3808250,15525961,26
2020,Arkansas,7080208079,2902425,2460721,22
2020,California,103886573080,43421451,56983518,185
2020,Colorado,10111347066,2569759,4751573,20
2020,Connecticut,8828397755,2615312,24599831,11
2020,Delaware,2457762125,2190363,4077365,17
2020,Florida,25934002549,17516441,15479391,137
2020,Georgia,11824015543,5015516,23697695,46
2020,Hawaii,2431846083,2031137,694731,14
2020,Idaho,2615497366,870155,233355,9
2020,Illinois,23327206246,8640571,28889705,42
2020,Indiana,14782137306,7873145,16089126,59
2020,Iowa,5963241908,1051704,3894120,7
2020,Kansas,4058615572,1812979,850540,15
2020,Kentucky,12190888589,3915670,32965744,29
2020,Louisiana,12905575681,7830383,19904196,67
2020,Maine,3355498470,1270805,16084974,9
2020,Maryland,12425976656,5258795,35106576,35
2020,Massachusetts,18927715647,6110567,50208325,38
2020,Michigan,19779677237,5419593,15567043,31
2020,Minnesota,14364508821,3211651,10542342,25
2020,Mississippi,5769034193,3186244,3917355,35
2020,Missouri,11335088386,2453267,9459042,22
2020,Montana,2094512201,678503,812998,6
2020,Nebraska,2458632699,1227186,1552196,10
2020,Nevada,4315178538,2486381,5157562,17
2020,New Hampshire,2370525838,798163,2303324,6
2020,New Jersey,17475504898,3973143,17105221,29
2020,New Mexico,6584282166,2711628,6449922,22
2020,New York,72816196684,50111036,181015314,267
2020,North Carolina,15607811031,5668883,27871589,48
2020,North Dakota,1374445441,698171,184015,5
2020,Ohio,26187237969,13701708,75341136,104
2020,Oklahoma,5173834353,2311631,20626562,25
2020,Oregon,11197091390,2565874,2017947,14
2020,Pennsylvania,36002255104,10699497,60620845,72
2020,Rhode Island,2961434109,1255423,5868498,10
2020,South Carolina,7031608207,1615842,8104192,14
2020,South Dakota,982499940,479276,810831,5
2020,Tennessee,12258135031,7826023,44456267,59
2020,Texas,43297652683,21655107,74435337,161
2020,Utah,3264010842,2351573,2473344,15
2020,Vermont,1795293573,957670,11733234,6
2020,Virginia,10378177032,11483807,28546778,92
2020,Washington,14577570938,8427268,12778764,55
2020,West Virginia,4294691890,1290508,14887448,19
2020,Wisconsin,9846290921,1431179,16443724,10
2020,Wyoming,692031455,443354,849322,4
2021,Alabama,6830948902,1489864.74,3547133.22,10
2021,Alaska,2301389622,1683157.58,2510076.10,12
2021,Arizona,17907764164,4188609.56,2843073.29,28
2021,Arkansas,7659817684,2835246.13,8090180.14,22
2021,California,115690408869,44307262.15,72973624.08,186
2021,Colorado,11185618422,2918882.90,7743642.33,20
2021,Connecticut,7311806873,2435107.16,12652680.19,13
2021,Delaware,2514092363,2173063.95,734355.38,17
2021,Florida,28760456851,17793361.89,13071539.71,148
2021,Georgia,12709068238,5276711.35,6415508.90,47
2021,Hawaii,2898793908,1710085.13,1282971.92,14
2021,Idaho,3007621707,914381.59,724021.72,9
2021,Illinois,27950531219,9404958.18,12317688.97,49
2021,Indiana,16079130856,7603299.59,9773660.10,59
2021,Iowa,6071314469,852995.29,1765090.31,8
2021,Kansas,4281483229,2357175.88,2492985.06,15
2021,Kentucky,14803544906,4026385.72,20549679.41,32
2021,Louisiana,13647030555,8465911.62,17043496.62,64
2021,Maine,3505096838,1227463.29,4099341.75,9
2021,Maryland,13947928487,4702440.15,16543233.82,33
2021,Massachusetts,21064079886,6082329.14,33173697.77,39
2021,Michigan,21340831168,6014701,10698548.66,30
2021,Minnesota,15590649664,3478390.34,9150811.45,27
2021,Mississippi,5923387274,3477579,5829451.72,35
2021,Missouri,11871935492,2506866.56,4255232.92,22
2021,Montana,2263516359,871803.71,813510,9
2021,Nebraska,3254919749,1269594.72,1695220.24,11
2021,Nevada,4931364852,2532485.28,3347791.44,17
2021,New Hampshire,2497803826,751409.31,2041287.53,7
2021,New Jersey,19957238404,4385099.71,11942472.99,31
2021,New Mexico,7155993020,3143071.80,8565047.58,24
2021,New York,73267974087,50917579.56,77077498.39,254
2021,North Carolina,17700091176,6701349.20,120331089.25,47
2021,North Dakota,1476249310,668514.74,133734.32,6
2021,Ohio,28426566254,14171846.63,39905701.98,105
2021,Oklahoma,5557090896,2260561.48,2813307.41,22
2021,Oregon,11744178139,3004276.22,8901369.40,15
2021,Pennsylvania,38236422291,10289239.05,33583686.18,72
2021,Rhode Island,3177656762,1263015.25,3152410.89,10
2021,South Carolina,7401541544,1649132.81,8180240.09,17
2021,South Dakota,1059995110,480627.61,745993.93,5
2021,Tennessee,11865100334,8021980.31,184558619.82,59
2021,Texas,46867347267,21103472.18,394766168.51,156
2021,Utah,3692743490,2531436,26924827.08,16
2021,Vermont,1831974331,1150721.88,5000137,9
2021,Virginia,12014392116,12551368.37,444355438.04,90
2021,Washington,17816241636,8250587.80,3330927.38,48
2021,West Virginia,4804270561,1624206.76,6311511.70,19
2021,Wisconsin,10809161768,1487023.40,8280538,12
2021,Wyoming,669526264,396986.46,1902142.70,4
2022,Alabama,7406975790,1555296.99,2268562.67,9
2022,Alaska,2592461510,1830614.14,87898.32,12
2022,Arizona,20588622069,4222034.03,7727116.33,27
2022,Arkansas,8975474497,3378171,42554066.21,22
2022,California,125017780154,54820182.75,108517300.61,220
2022,Colorado,12424415086,2626018.05,5940578.60,14
2022,Connecticut,10025149152,2573386.26,27513822.65,12
2022,Delaware,3239518726,2365514.48,1231771.69,17
2022,Florida,33273631634,20289973.99,88334626.60,142
2022,Georgia,14876090399,5566817.36,14632971.56,43
2022,Hawaii,3102654280,1787174.92,231744.84,15
2022,Idaho,3330143462,1099588.69,654423.23,10
2022,Illinois,26972593207,8893073.65,10404221.10,35
2022,Indiana,17322051022,7169412.99,19487614.79,56
2022,Iowa,6776825856,857844.66,2426166.69,9
2022,Kansas,4551471796,2306311.21,1552535.01,19
2022,Kentucky,14876634041,4938246.76,15408763,33
2022,Louisiana,15039040891,8422965.25,86430507.25,67
2022,Maine,3952360568,1432530.56,688592.08,9
2022,Maryland,14844102111,4975497.52,3953857.77,36
2022,Massachusetts,22023428461,6119401.35,71275660.43,32
2022,Michigan,21695810626,5863143,22964705.78,30
2022,Minnesota,16896991072,4087300.47,12560408.87,30
2022,Mississippi,6141810881,3952955,4912243.23,38
2022,Missouri,13440321022,2177784.64,5262577.44,23
2022,Montana,2448226101,899696.95,566101.72,9
2022,Nebraska,3481296640,1399477.09,1496685.90,11
2022,Nevada,5271042050,2540574.85,16422091.36,19
2022,New Hampshire,2611767747,738227.11,396472.42,8
2022,New Jersey,21885952455,5762424.96,6260273,30
2022,New Mexico,8545105920,3291227.24,3270639.11,22
2022,New York,82564771704,53919799.99,57973971.31,264
2022,North Carolina,19467101160,6803332.04,33859198.07,48
2022,North Dakota,1621017419,808200,490239.62,6
2022,Ohio,31059865818,15964276.98,9342652.81,101
2022,Oklahoma,7745616099,2635281.53,6445538.50,25
2022,Oregon,13695755260,3369512.29,4464488.35,17
2022,Pennsylvania,42294925403,10680852.14,31625624.50,70
2022,Rhode Island,3583681400,1323070.04,922763.73,10
2022,South Carolina,7926296721,1946229.43,4990656.95,18
2022,South Dakota,1320070094,549756.32,707351.76,5
2022,Tennessee,12083213396,8376147.02,5762200.85,57
2022,Texas,56569079099,23632974.75,219876847.53,153
2022,Utah,4397543014,2706184,1515408.01,15
2022,Vermont,2049357500,1335238.28,503529,7
2022,Virginia,18262708315,13250089.13,20434349.64,93
2022,Washington,18213259692,8985952.22,47833748.81,56
2022,West Virginia,5392745508,2149481.35,5138856.02,21
2022,Wisconsin,11953068255,1672154.98,7218161,11
2022,Wyoming,743710195,459792.59,1136378.73,4
2023,Alabama,8088717204,1553830,10556172.07,8
2023,Alaska,2705978030,2125299,38520.95,12
2023,Arizona,22499522881,4875444,7343117.27,30
2023,Arkansas,9132921635,3154983,2618911.74,18
2023,California,130133324961,66345930,362823882.01,236
2023,Colorado,13646983776,3354027,2907717.37,22
2023,Connecticut,10738157192,2874704,18520950.54,13
2023,Delaware,3467165402,2384008,727526.77,18
2023,Florida,34841609995,20493691,18323053.04,145
2023,Georgia,16608700777,5651368,20597671.59,44
2023,Hawaii,3106645531,2074191,11084423.60,16
2023,Idaho,2920524660,1150784,261465.23,9
2023,Illinois,33306700578,6385839,12455013.21,26
2023,Indiana,17819794934,7997841,65930619.57,59
2023,Iowa,6927817062,991331,1676464.53,9
2023,Kansas,5436508176,2426237,170106.34,17
2023,Kentucky,16642070989,4498011,21333957.41,32
2023,Louisiana,16628861150,9276078,15263524.40,61
2023,Maine,4286591113,1494775,206276.11,9
2023,Maryland,17552005124,5610088,2086415.76,36
2023,Massachusetts,24487922260,6164639,23375309.29,37
2023,Michigan,23741817895,6113464,29764369.11,34
2023,Minnesota,19113079015,4454431,5973588.68,30
2023,Mississippi,6547605903,3992436,17842771.95,34
2023,Missouri,16357682592,2421377,10086586.17,19
2023,Montana,2445041437,988842,500294.40,9
2023,Nebraska,3930854013,1429798,714102.99,10
2023,Nevada,5767822220,2773153,4429292.44,19
2023,New Hampshire,2592839761,921481,174612.14,8
2023,New Jersey,23332486706,6575561,7795878.86,29
2023,New Mexico,8472955496,3229730,137461.88,24
2023,New York,94601679054,55964293,73204517.97,257
2023,North Carolina,20451882615,6924305,43626378.67,47
2023,North Dakota,1613379327,968329,3340.63,7
2023,Ohio,32851727654,15996716,22607684.54,102
2023,Oklahoma,8854437969,3353370,2951918.11,25
2023,Oregon,15327891373,4097000,30309176.90,18
2023,Pennsylvania,44971355512,11049587,20115260.32,71
2023,Rhode Island,3685175562,1202585,232396.50,10
2023,South Carolina,8871688570,2574832,1298036.57,19
2023,South Dakota,1263615866,494659,250566.93,5
2023,Tennessee,13434201648,9236731,42953624.32,57
2023,Texas,58422862375,24617759,283141068.88,147
2023,Utah,4728174660,3250291,2225121.55,19
2023,Vermont,2174979993,1473791,177977,9
2023,Virginia,21599145038,14295387,14594631.85,94
2023,Washington,19498539690,9859549,2295369.58,55
2023,West Virginia,5690158919,2377529,1311704.57,25
2023,Wisconsin,12532534415,1716499,7139695,10
2023,Wyoming,777634001,488861,604586.38,4
2024,Alabama,8402246395,1637160.92,482403.25,7
2024,Alaska,2903998205,1972546.71,239448.06,12
2024,Arizona,20388207470,5370868.91,74611715.82,33
2024,Arkansas,8313192411,3973339.71,3114222.64,22
2024,California,157098115172.10,69208433.41,583830457.43,270
2024,Colorado,14674282245,4317938.39,3914483.34,25
2024,Connecticut,11295095591,3025704.61,6463993.63,13
2024,Delaware,3340013477,2715977.27,10781129.38,18
2024,Florida,35906458788,21343781.69,76220595.13,141
2024,Georgia,15577343261,6271433.71,86841410.54,46
2024,Hawaii,3235615999,2339255.39,10340.80,13
2024,Idaho,4050629368,1120010.35,1146717.23,8
2024,Illinois,33747393898,6647049.38,1861477.76,39
2024,Indiana,20020602077,8593822.37,3292362.95,59
2024,Iowa,8873891969,1227190.24,2216803.50,9
2024,Kansas,5412711075,2172864.38,146967.66,17
2024,Kentucky,18302226947,4954230.16,30378269.67,32
2024,Louisiana,17179873718,8925148.60,63582815.76,63
2024,Maine,4731878956,1842715.21,236304.29,10
2024,Maryland,18454924113,6916159.79,18897116.38,42
2024,Massachusetts,26192755044,7303491.39,19795696.44,43
2024,Michigan,25357658261,7092157.03,4767761.93,34
2024,Minnesota,19328609948,4756833.33,16672513.15,28
2024,Mississippi,7356967378,4220119,9254549.72,30
2024,Missouri,16445334330,2496662.38,5148281.38,22
2024,Montana,2504417999,1058040.95,11539344.46,7
2024,Nebraska,3839619333,1352423.27,1340795.98,9
2024,Nevada,6175562821,3505034.41,7108542.26,20
2024,New Hampshire,2621947677,1013239.97,143541.83,7
2024,New Jersey,24217228219,7628776.09,9820191.73,32
2024,New Mexico,8490310931,3666259.98,88380.79,25
2024,New York,98177794119,56650719.76,59913804.73,262
2024,North Carolina,30213413903,7219896.24,21021953.10,51
2024,North Dakota,1526106243,1191941.49,160714.78,9
2024,Ohio,35202561948,16932095.93,17106840.87,105
2024,Oklahoma,9324676370,4286464.69,711120.86,26
2024,Oregon,16993042692,4521535.90,5199568.59,19
2024,Pennsylvania,44432259542,12865019.20,11325616,75
2024,Rhode Island,3724826196,1244089.90,168007.41,9
2024,South Carolina,10239545186,2840646.47,11869014.35,20
2024,South Dakota,1600448228,818693.89,1056789.29,9
2024,Tennessee,14345332011,10819400.48,26749052.33,58
2024,Texas,49398376058,25118839.16,111800768.86,150
2024,Utah,5104329509,4047287,3995367.62,19
2024,Vermont,2336362561,1699488,583668,9
2024,Virginia,22354412784,15296222.88,4796455.09,92
2024,Washington,21318488278,11567318.09,4244633.49,57
2024,West Virginia,5110871376,2449268.84,12505242.43,23
2024,Wisconsin,12770801034,1884029.35,236162,11
2024,Wyoming,830736672,543642.58,767643.97,4
2025,Alabama,8374093705,1529686,2931852.82,7
2025,Alaska,3243857563,1922364,1188457.61,12
2025,Arizona,22057222999,5933688,49346658.50,31
2025,Arkansas,8916484909,3927409,3548244.54,23
2025,California,173402740079,74421308,102126213.24,290
2025,Colorado,16491671590,4714737,57952277.93,24
2025,Connecticut,11700323441,2913997,6863359.18,13
2025,Delaware,3400556094,2784035,619300.30,17
2025,Florida,39343020827,22670000,107607791.86,137
2025,Georgia,19692323128,6452683,46517386.12,43
2025,Hawaii,3179232183,2723324,453950.81,14
2025,Idaho,4166928923,1293821,900756.39,10
2025,Illinois,36162720636,10402644,18234544.79,46
2025,Indiana,20451801865.63,8992920,144624717.84,56
2025,Iowa,8730795511,1359821,2356291.18,10
2025,Kansas,6499395021,2219809,369231.23,16
2025,Kentucky,20474891648,5098879,22037515.90,32
2025,Louisiana,15800467858,9951037,17067306.55,71
2025,Maine,5202740853,1919296,343479.02,10
2025,Maryland,18707422995,8520996,3353448.55,46
2025,Massachusetts,28725529750,7595661,139892852.19,39
2025,Michigan,27306729224,6798542,17319947.35,33
2025,Minnesota,21425262865,3029997,24489409.04,31
2025,Mississippi,7708650323,4206137,1171831.11,35
2025,Missouri,17112335013,2961340,4507016.45,21
2025,Montana,2633116628,930818,711088.63,9
2025,Nebraska,4371961508,1374481,1230809.55,11
2025,Nevada,7313148496,3212939,18522530.30,20
2025,New Hampshire,3067222160,1015483,356807.56,6
2025,New Jersey,25938962820,6971759,30779902.23,39
2025,New Mexico,10469835269,4327657,4939984.86,25
2025,New York,102699327635,60127440,110479748.54,272
2025,North Carolina,34499338580,8700660,16642399.22,57
2025,North Dakota,1779879134,1335345,1873182.81,8
2025,Ohio,38633859310,18598752,25781577.92,106
2025,Oklahoma,10764531356,3913945,2902279.96,29
2025,Oregon,18871621324,4761446,13651360.76,20
2025,Pennsylvania,49525316416,12669975,41102003.33,72
2025,Rhode Island,4293750650,1306842,1582526.60,10
2025,South Carolina,10266023300,3722700,22100695.93,23
2025,South Dakota,1863929509,1011812,225578.04,9
2025,Tennessee,17782976844,12695439,16738706.73,64
2025,Texas,54954650308,27581869,151926473.65,146
2025,Utah,5320171956,4250065,2727899.17,22
2025,Vermont,2425399608,1709830,3052717,9
2025,Virginia,23020073906,15504864,671436386.89,95
2025,Washington,23122567069,13876463,45117253.27,61
2025,West Virginia,5872002604,2722613,1829578.50,22
2025,Wisconsin,13822805529,2237204,1918593,14
2025,Wyoming,846575653,632223,1525358.07,4
